scheme,dataset_name,seed,correlated_KL,architecture,attention_dim,num_attention_heads,lr,AC@1,AC@3,AC@5,AC@10,Avg@10,total_params,window_size,early_stopping,num_epochs,AMOC_Loss,mean_std_recon_loss,outer_hidden_dim,outer_heads_num,num_vars,alpha_lv,time_freq_representation,combine_method,main_model,encoder_alpha,decoder_alpha,encoder_gamma (smooth),decoder_gamma,encoder_lambda (sparse),decoder_lambda,beta,AC@1_metric,AC@3_metric,AC@5_metric,AC@10_metric,AC@1_node,AC@3_node,AC@5_node,AC@10_node,AC@1_service,AC@3_service,AC@5_service,AC@10_service,RCA_coverage,mrr,hr@1,hr@3,hr@5,hr@10,auc@10,std_ac,coverage,avg_time,throughput,model_mem_mb,peak_mem_mb
aiopsvlinear_(no mean)_normal_KL06_115752_6_0.0001_1_window_6,aiops,1,normal_KL,vlinear,16,2,0.0001,0.3277310924369748,0.3949579831932772,0.43529411764705894,0.49042950513538786,0.42609076964118986,158986,6,0,200,0,0,16,2,30,0,mag_phase,attention,aerca_based,1.0,1.0,0.2,0.2,0.5,0.5,0.01,0,0,0,0,0,0,0,0,0,0,0,0,N/A,0.39655172413793105,0.24369747899159663,0.44537815126050423,0.7815126050420168,0.7815126050420168,0.42609076964118986,0.056607963316375895,0.08298465829846582,0.058025692691322135,17.23374515009542,0.6064834594726562,20.27783203125
aiopsvlinear_(no mean)_normal_KL06_120111_6_0.0001_1_window_6,aiops,1,normal_KL,vlinear,16,2,0.0001,0.3277310924369748,0.3949579831932772,0.43529411764705894,0.49042950513538786,0.42609076964118986,158986,6,0,200,0,0,16,2,30,0,mag_phase,attention,aerca_based,1.0,1.0,0.2,0.2,0.5,0.5,0.01,0,0,0,0,0,0,0,0,0,0,0,0,N/A,0.39655172413793105,0.24369747899159663,0.44537815126050423,0.7815126050420168,0.7815126050420168,0.42609076964118986,0.056607963316375895,0.08298465829846582,0.057957547051565986,17.254008336658554,0.6064834594726562,20.27783203125
aiopsGVAR_(no mean)_normal_KL06_120247_6_0.0001_1_window_6,aiops,1,normal_KL,GVAR,256,2,0.0001,0.2184873949579832,0.2941176470588235,0.33109243697479,0.3914565826330536,0.32537781779378416,682900,6,0,200,0,0,256,2,30,0,mag_phase,attention,aerca_based,1.0,1.0,0.2,0.2,0.5,0.5,0.01,0,0,0,0,0,0,0,0,0,0,0,0,N/A,0.3013478493004293,0.13445378151260504,0.3697478991596639,0.6386554621848739,0.6890756302521008,0.32537781779378416,0.0587932275931989,0.08298465829846582,0.056493975535160355,17.701002461362034,2.6050567626953125,27.904296875
aiopscLSTM_(no mean)_normal_KL06_120525_6_0.0001_1_window_6,aiops,1,normal_KL,cLSTM,256,2,0.0001,0.23529411764705882,0.3081232492997198,0.34117647058823536,0.4170168067226895,0.3341376550620248,2461470,6,0,200,0,0,256,2,30,0,mag_phase,attention,aerca_based,1.0,1.0,0.2,0.2,0.5,0.5,0.01,0,0,0,0,0,0,0,0,0,0,0,0,N/A,0.3106627764842775,0.15126050420168066,0.3697478991596639,0.6302521008403361,0.7142857142857143,0.3341376550620248,0.05645949232317657,0.08298465829846582,0.057753434702127925,17.314987500875944,9.389762878417969,56.11572265625
aiopsvlinear_(no mean)_normal_KL06_121122_10_0.0001_1_window_10,aiops,1,normal_KL,vlinear,16,2,0.0001,0.29411764705882354,0.36414565826330514,0.4033613445378152,0.45494864612511704,0.3924286381219154,162066,10,0,200,0,0,16,2,30,0,mag_phase,attention,aerca_based,1.0,1.0,0.2,0.2,0.5,0.5,0.01,0,0,0,0,0,0,0,0,0,0,0,0,N/A,0.36195788660291695,0.21008403361344538,0.42016806722689076,0.7310924369747899,0.7310924369747899,0.3924286381219154,0.056042135629578355,0.08321678321678322,0.06175320689417735,16.193490998996023,0.6182327270507812,20.4453125
aiopsGVAR_(no mean)_normal_KL06_121308_10_0.0001_1_window_10,aiops,1,normal_KL,GVAR,256,2,0.0001,0.21008403361344538,0.26610644257703087,0.3126050420168069,0.3795518207282915,0.3036294517807123,1229220,10,0,200,0,0,256,2,30,0,mag_phase,attention,aerca_based,1.0,1.0,0.2,0.2,0.5,0.5,0.01,0,0,0,0,0,0,0,0,0,0,0,0,N/A,0.2773360347662071,0.12605042016806722,0.31932773109243695,0.5798319327731093,0.6638655462184874,0.3036294517807123,0.056931919449134845,0.08321678321678322,0.061869114386935195,16.163153617262193,4.6891021728515625,36.2646484375
aiopscLSTM_(no mean)_normal_KL06_121605_10_0.0001_1_window_10,aiops,1,normal_KL,cLSTM,256,2,0.0001,0.23529411764705882,0.3109243697478992,0.3495798319327733,0.38818860877684425,0.3313298652794451,2461470,10,0,200,0,0,256,2,30,0,mag_phase,attention,aerca_based,1.0,1.0,0.2,0.2,0.5,0.5,0.01,0,0,0,0,0,0,0,0,0,0,0,0,N/A,0.3157672425131133,0.15126050420168066,0.3697478991596639,0.6638655462184874,0.6638655462184874,0.3313298652794451,0.04826983674699958,0.08321678321678322,0.13219121524265834,7.564799205184236,9.389762878417969,56.16015625
aiopsvlinear_(no mean)_normal_KL06_122329_20_0.0001_1_window_20,aiops,1,normal_KL,vlinear,16,2,0.0001,0.24369747899159663,0.3249299719887954,0.36302521008403366,0.41461251167133545,0.35038115246098445,169766,20,0,200,0,0,16,2,30,0,mag_phase,attention,aerca_based,1.0,1.0,0.2,0.2,0.5,0.5,0.01,0,0,0,0,0,0,0,0,0,0,0,0,N/A,0.3196913248057844,0.15966386554621848,0.42016806722689076,0.680672268907563,0.680672268907563,0.35038115246098445,0.05772759985761597,0.08380281690140845,0.0705488749912807,14.17457046797121,0.6476058959960938,20.86376953125
aiopsGVAR_(no mean)_normal_KL06_122548_20_0.0001_1_window_20,aiops,1,normal_KL,GVAR,256,2,0.0001,0.2605042016806723,0.29971988795518195,0.31260504201680683,0.37817460317460344,0.31561824729891963,2595020,20,0,200,0,0,256,2,30,0,mag_phase,attention,aerca_based,1.0,1.0,0.2,0.2,0.5,0.5,0.01,0,0,0,0,0,0,0,0,0,0,0,0,N/A,0.32267780797403717,0.16806722689075632,0.3949579831932773,0.5966386554621849,0.6722689075630253,0.31561824729891963,0.03651277024310402,0.08380281690140845,0.12487406690581505,8.008067846098417,9.899215698242188,57.1650390625
aiopscLSTM_(no mean)_normal_KL06_122934_20_0.0001_1_window_20,aiops,1,normal_KL,cLSTM,256,2,0.0001,0.24369747899159663,0.3109243697478992,0.3378151260504203,0.3599673202614381,0.32078864879285046,2461470,20,0,200,0,0,256,2,30,0,mag_phase,attention,aerca_based,1.0,1.0,0.2,0.2,0.5,0.5,0.01,0,0,0,0,0,0,0,0,0,0,0,0,N/A,0.297952541838219,0.15126050420168066,0.3445378151260504,0.5378151260504201,0.6302521008403361,0.32078864879285046,0.034067481218796,0.08380281690140845,0.0809418714347006,12.35454508618255,9.389762878417969,56.27099609375
aiopsvlinear_(no mean)_normal_KL06_123801_30_0.0001_1_window_30,aiops,1,normal_KL,vlinear,16,2,0.0001,0.2689075630252101,0.3515406162464986,0.3907563025210083,0.4390756302521008,0.3762238228624783,177466,30,0,200,0,0,16,2,30,0,mag_phase,attention,aerca_based,1.0,1.0,0.2,0.2,0.5,0.5,0.01,0,0,0,0,0,0,0,0,0,0,0,0,N/A,0.3342385229954051,0.16806722689075632,0.3949579831932773,0.7142857142857143,0.7142857142857143,0.3762238228624783,0.05697076222260917,0.08439716312056737,0.06544209528370064,15.28068433116116,0.6769790649414062,21.28369140625
aiopsGVAR_(no mean)_normal_KL06_124054_30_0.0001_1_window_30,aiops,1,normal_KL,GVAR,256,2,0.0001,0.29411764705882354,0.29551820728291306,0.33613445378151247,0.36636321195144717,0.32025643590769637,3960820,30,0,200,0,0,256,2,30,0,mag_phase,attention,aerca_based,1.0,1.0,0.2,0.2,0.5,0.5,0.01,0,0,0,0,0,0,0,0,0,0,0,0,N/A,0.3674551418589357,0.20168067226890757,0.4369747899159664,0.6638655462184874,0.7226890756302521,0.32025643590769637,0.026625007082758542,0.08439716312056737,0.0677979633587749,14.749705602632572,15.109329223632812,78.06591796875
aiopscLSTM_(no mean)_normal_KL06_124511_30_0.0001_1_window_30,aiops,1,normal_KL,cLSTM,256,2,0.0001,0.23529411764705882,0.26890756302521013,0.28655462184873953,0.36577964519141004,0.29363478724823266,2461470,30,0,200,0,0,256,2,30,0,mag_phase,attention,aerca_based,1.0,1.0,0.2,0.2,0.5,0.5,0.01,0,0,0,0,0,0,0,0,0,0,0,0,N/A,0.29068978143199903,0.14285714285714285,0.31932773109243695,0.48739495798319327,0.680672268907563,0.29363478724823266,0.04183075910486423,0.08439716312056737,0.07191349478328929,13.905595924846812,9.389762878417969,56.3818359375
-----eval window------
aiopsvlinear_(no mean)_normal_KL06_130346_6_0.0001_1_window_6,aiops,1,normal_KL,vlinear,16,2,0.0001,0.30057803468208094,0.36801541425818873,0.408092485549133,0.4633108542068082,0.3989636663914121,158986,6,0,200,0,0,16,2,30,0,mag_phase,attention,aerca_based,1.0,1.0,0.2,0.2,0.5,0.5,0.01,0,0,0,0,0,0,0,0,0,0,0,0,N/A,0.37533718689788054,0.2138728323699422,0.42196531791907516,0.791907514450867,0.791907514450867,0.3989636663914121,0.0566265221614024,0.1206415620641562,0.06381728056538312,15.669736960594298,0.6064834594726562,20.27783203125
aiopsGVAR_(no mean)_normal_KL06_130541_6_0.0001_1_window_6,aiops,1,normal_KL,GVAR,256,2,0.0001,0.2254335260115607,0.2986512524084778,0.3329479768786128,0.388326910725755,0.32562666299660525,682900,6,0,200,0,0,256,2,30,0,mag_phase,attention,aerca_based,1.0,1.0,0.2,0.2,0.5,0.5,0.01,0,0,0,0,0,0,0,0,0,0,0,0,N/A,0.3088714290690397,0.13872832369942195,0.37572254335260113,0.6763005780346821,0.7167630057803468,0.32562666299660525,0.05527022836219813,0.1206415620641562,0.06280133627742701,15.923228059709851,2.6050567626953125,27.904296875
aiopscLSTM_(no mean)_normal_KL06_130836_6_0.0001_1_window_6,aiops,1,normal_KL,cLSTM,256,2,0.0001,0.23121387283236994,0.3082851637764931,0.3387283236994219,0.4104046242774569,0.3307326360216535,2461470,6,0,200,0,0,256,2,30,0,mag_phase,attention,aerca_based,1.0,1.0,0.2,0.2,0.5,0.5,0.01,0,0,0,0,0,0,0,0,0,0,0,0,N/A,0.3105320658788867,0.14450867052023122,0.3699421965317919,0.6589595375722543,0.7398843930635838,0.3307326360216535,0.05506683501317922,0.1206415620641562,0.05910613082047832,16.91871868651455,9.389762878417969,56.11572265625
aiopsvlinear_(no mean)_normal_KL06_131509_10_0.0001_1_window_10,aiops,1,normal_KL,vlinear,16,2,0.0001,0.291866028708134,0.36602870813397137,0.4004784688995216,0.4491095162147798,0.3892526771474142,162066,10,0,200,0,0,16,2,30,0,mag_phase,attention,aerca_based,1.0,1.0,0.2,0.2,0.5,0.5,0.01,0,0,0,0,0,0,0,0,0,0,0,0,N/A,0.360485854133767,0.19138755980861244,0.430622009569378,0.7703349282296651,0.7703349282296651,0.3892526771474142,0.05437446102907903,0.14615384615384616,0.06258032538674095,15.979463095151507,0.6182327270507812,20.4453125
aiopsGVAR_(no mean)_normal_KL06_131716_10_0.0001_1_window_10,aiops,1,normal_KL,GVAR,256,2,0.0001,0.23444976076555024,0.29346092503987237,0.3330143540669856,0.3807150451887297,0.3208422571580467,1229220,10,0,200,0,0,256,2,30,0,mag_phase,attention,aerca_based,1.0,1.0,0.2,0.2,0.5,0.5,0.01,0,0,0,0,0,0,0,0,0,0,0,0,N/A,0.3031825144279128,0.13875598086124402,0.3684210526315789,0.6411483253588517,0.7081339712918661,0.3208422571580467,0.04907512018471569,0.14615384615384616,0.056136009225434665,17.81387764819787,4.6891021728515625,36.2646484375
aiopscLSTM_(no mean)_normal_KL06_132038_10_0.0001_1_window_10,aiops,1,normal_KL,cLSTM,256,2,0.0001,0.24880382775119617,0.3189792663476873,0.3574162679425838,0.39339447102605013,0.3389433811802233,2461470,10,0,200,0,0,256,2,30,0,mag_phase,attention,aerca_based,1.0,1.0,0.2,0.2,0.5,0.5,0.01,0,0,0,0,0,0,0,0,0,0,0,0,N/A,0.3242605256757212,0.15311004784688995,0.37799043062200954,0.7081339712918661,0.7177033492822966,0.3389433811802233,0.0459587274946704,0.14615384615384616,0.0713428378675543,14.016823971264895,9.389762878417969,56.16015625
aiopsvlinear_(no mean)_normal_KL06_132810_20_0.0001_1_window_20,aiops,1,normal_KL,vlinear,16,2,0.0001,0.2408026755852843,0.3238573021181717,0.35418060200668955,0.40036231884058,0.34240895577852126,169766,20,0,200,0,0,16,2,30,0,mag_phase,attention,aerca_based,1.0,1.0,0.2,0.2,0.5,0.5,0.01,0,0,0,0,0,0,0,0,0,0,0,0,N/A,0.3308834593692165,0.15719063545150502,0.45484949832775917,0.7023411371237458,0.7090301003344481,0.34240895577852126,0.05316903744934628,0.21056338028169014,0.068164563896664,14.67037919462051,0.6476058959960938,20.86376953125
aiopsGVAR_(no mean)_normal_KL06_133102_20_0.0001_1_window_20,aiops,1,normal_KL,GVAR,256,2,0.0001,0.2709030100334448,0.3171683389074692,0.32775919732441533,0.3745261984392423,0.3257436162870947,2595020,20,0,200,0,0,256,2,30,0,mag_phase,attention,aerca_based,1.0,1.0,0.2,0.2,0.5,0.5,0.01,0,0,0,0,0,0,0,0,0,0,0,0,N/A,0.34810258314509207,0.17391304347826086,0.45484949832775917,0.6321070234113713,0.7190635451505016,0.3257436162870947,0.02952907518918992,0.21056338028169014,0.08667923295776979,11.536788754086011,9.899215698242188,57.1650390625
aiopscLSTM_(no mean)_normal_KL06_133504_20_0.0001_1_window_20,aiops,1,normal_KL,cLSTM,256,2,0.0001,0.25418060200668896,0.3121516164994429,0.3351170568561875,0.3420847268673356,0.3170419918246006,2461470,20,0,200,0,0,256,2,30,0,mag_phase,attention,aerca_based,1.0,1.0,0.2,0.2,0.5,0.5,0.01,0,0,0,0,0,0,0,0,0,0,0,0,N/A,0.31712461473088227,0.15719063545150502,0.391304347826087,0.5953177257525084,0.68561872909699,0.3170419918246006,0.0282457037360569,0.21056338028169014,0.0696103939643273,14.365670743257999,9.389762878417969,56.27099609375
aiopsvlinear_(no mean)_normal_KL06_134350_30_0.0001_1_window_30,aiops,1,normal_KL,vlinear,16,2,0.0001,0.2827763496143959,0.3526135389888609,0.38534704370179934,0.4380605541273925,0.3771677479903703,177466,30,0,200,0,0,16,2,30,0,mag_phase,attention,aerca_based,1.0,1.0,0.2,0.2,0.5,0.5,0.01,0,0,0,0,0,0,0,0,0,0,0,0,N/A,0.3473720258801369,0.17994858611825193,0.40359897172236503,0.7017994858611826,0.7557840616966581,0.3771677479903703,0.04951390732533705,0.27588652482269505,0.08258177627328123,12.109209139444767,0.6769790649414062,21.28369140625
aiopsGVAR_(no mean)_normal_KL06_134716_30_0.0001_1_window_30,aiops,1,normal_KL,GVAR,256,2,0.0001,0.2879177377892031,0.3080548414738644,0.32904884318766153,0.39088117680662665,0.3314193903782594,3960820,30,0,200,0,0,256,2,30,0,mag_phase,attention,aerca_based,1.0,1.0,0.2,0.2,0.5,0.5,0.01,0,0,0,0,0,0,0,0,0,0,0,0,N/A,0.3725404851161773,0.20051413881748073,0.4652956298200514,0.6246786632390745,0.7197943444730077,0.3314193903782594,0.03141078560106613,0.27588652482269505,0.06753245172279966,14.807695774243445,15.109329223632812,78.06591796875
aiopscLSTM_(no mean)_normal_KL06_135214_30_0.0001_1_window_30,aiops,1,normal_KL,cLSTM,256,2,0.0001,0.2390745501285347,0.2643530419880037,0.2956298200514141,0.35781919451585226,0.2949134941037256,2461470,30,0,200,0,0,256,2,30,0,mag_phase,attention,aerca_based,1.0,1.0,0.2,0.2,0.5,0.5,0.01,0,0,0,0,0,0,0,0,0,0,0,0,N/A,0.3038461456668266,0.15167095115681234,0.30077120822622105,0.5295629820051414,0.7043701799485861,0.2949134941037256,0.03662201900775832,0.27588652482269505,0.07272102838923201,13.751180671532865,9.389762878417969,56.3818359375
------ original window------


aiopsvlinear_(no mean)_normal_KL06_143632_6_0.0001_1_window_6,aiops,1,normal_KL,vlinear,16,2,0.0001,0.30057803468208094,0.36801541425818873,0.408092485549133,0.4633108542068082,0.3989636663914121,158986,6,0,200,0,0,16,2,30,0,mag_phase,attention,aerca_based,1.0,1.0,0.2,0.2,0.5,0.5,0.01,0,0,0,0,0,0,0,0,0,0,0,0,N/A,0.37533718689788054,0.2138728323699422,0.42196531791907516,0.791907514450867,0.791907514450867,0,0,0,0.10493711929100787,9.529516407124115,0,0
aiopsGVAR_(no mean)_normal_KL06_143826_6_0.0001_1_window_6,aiops,1,normal_KL,GVAR,256,2,0.0001,0.2254335260115607,0.2986512524084778,0.3329479768786128,0.388326910725755,0.32562666299660525,682900,6,0,200,0,0,256,2,30,0,mag_phase,attention,aerca_based,1.0,1.0,0.2,0.2,0.5,0.5,0.01,0,0,0,0,0,0,0,0,0,0,0,0,N/A,0.3088714290690397,0.13872832369942195,0.37572254335260113,0.6763005780346821,0.7167630057803468,0,0,0,0.058633106981398744,17.055210809777627,0,0
aiopscLSTM_(no mean)_normal_KL06_144126_6_0.0001_1_window_6,aiops,1,normal_KL,cLSTM,256,2,0.0001,0.23121387283236994,0.3082851637764931,0.3387283236994219,0.4104046242774569,0.3307326360216535,2461470,6,0,200,0,0,256,2,30,0,mag_phase,attention,aerca_based,1.0,1.0,0.2,0.2,0.5,0.5,0.01,0,0,0,0,0,0,0,0,0,0,0,0,N/A,0.3105320658788867,0.14450867052023122,0.3699421965317919,0.6589595375722543,0.7398843930635838,0,0,0,0.06658722899552715,15.017894798823553,0,0
aiopsvlinear_(no mean)_normal_KL06_144801_10_0.0001_1_window_10,aiops,1,normal_KL,vlinear,16,2,0.0001,0.291866028708134,0.36602870813397137,0.4004784688995216,0.4491095162147798,0.3892526771474142,162066,10,0,200,0,0,16,2,30,0,mag_phase,attention,aerca_based,1.0,1.0,0.2,0.2,0.5,0.5,0.01,0,0,0,0,0,0,0,0,0,0,0,0,N/A,0.360485854133767,0.19138755980861244,0.430622009569378,0.7703349282296651,0.7703349282296651,0,0,0,0.06731720632343201,14.855043080596714,0,0
aiopsGVAR_(no mean)_normal_KL06_145005_10_0.0001_1_window_10,aiops,1,normal_KL,GVAR,256,2,0.0001,0.23444976076555024,0.29346092503987237,0.3330143540669856,0.3807150451887297,0.3208422571580467,1229220,10,0,200,0,0,256,2,30,0,mag_phase,attention,aerca_based,1.0,1.0,0.2,0.2,0.5,0.5,0.01,0,0,0,0,0,0,0,0,0,0,0,0,N/A,0.3031825144279128,0.13875598086124402,0.3684210526315789,0.6411483253588517,0.7081339712918661,0,0,0,0.06869063993390097,14.558024222256064,0,0
aiopscLSTM_(no mean)_normal_KL06_145335_10_0.0001_1_window_10,aiops,1,normal_KL,cLSTM,256,2,0.0001,0.24880382775119617,0.3173843700159489,0.3574162679425838,0.39339447102605013,0.33884370015948967,2461470,10,0,200,0,0,256,2,30,0,mag_phase,attention,aerca_based,1.0,1.0,0.2,0.2,0.5,0.5,0.01,0,0,0,0,0,0,0,0,0,0,0,0,N/A,0.3240212912259604,0.15311004784688995,0.37799043062200954,0.7081339712918661,0.7177033492822966,0,0,0,0.08132909473619963,12.295722745268666,0,0
aiopsvlinear_(no mean)_normal_KL06_150118_20_0.0001_1_window_20,aiops,1,normal_KL,vlinear,16,2,0.0001,0.2408026755852843,0.3238573021181717,0.35418060200668955,0.40036231884058,0.34240895577852126,169766,20,0,200,0,0,16,2,30,0,mag_phase,attention,aerca_based,1.0,1.0,0.2,0.2,0.5,0.5,0.01,0,0,0,0,0,0,0,0,0,0,0,0,N/A,0.3308834593692165,0.15719063545150502,0.45484949832775917,0.7023411371237458,0.7090301003344481,0,0,0,0.08725610544849,11.4605160849212,0,0
aiopsGVAR_(no mean)_normal_KL06_150405_20_0.0001_1_window_20,aiops,1,normal_KL,GVAR,256,2,0.0001,0.2709030100334448,0.3171683389074692,0.32775919732441533,0.3745261984392423,0.3257436162870947,2595020,20,0,200,0,0,256,2,30,0,mag_phase,attention,aerca_based,1.0,1.0,0.2,0.2,0.5,0.5,0.01,0,0,0,0,0,0,0,0,0,0,0,0,N/A,0.34810258314509207,0.17391304347826086,0.45484949832775917,0.6321070234113713,0.7190635451505016,0,0,0,0.06991870746166012,14.302323888758231,0,0
aiopscLSTM_(no mean)_normal_KL06_150811_20_0.0001_1_window_20,aiops,1,normal_KL,cLSTM,256,2,0.0001,0.2508361204013378,0.3121516164994429,0.3344481605351172,0.3420847268673356,0.3163679195200935,2461470,20,0,200,0,0,256,2,30,0,mag_phase,attention,aerca_based,1.0,1.0,0.2,0.2,0.5,0.5,0.01,0,0,0,0,0,0,0,0,0,0,0,0,N/A,0.3148007308852592,0.15384615384615385,0.391304347826087,0.5919732441471572,0.68561872909699,0,0,0,0.09383100889199554,10.657457612451475,0,0
aiopsvlinear_(no mean)_normal_KL06_151704_30_0.0001_1_window_30,aiops,1,normal_KL,vlinear,16,2,0.0001,0.2827763496143959,0.3526135389888609,0.38534704370179934,0.4380605541273925,0.3771677479903703,177466,30,0,200,0,0,16,2,30,0,mag_phase,attention,aerca_based,1.0,1.0,0.2,0.2,0.5,0.5,0.01,0,0,0,0,0,0,0,0,0,0,0,0,N/A,0.3473720258801369,0.17994858611825193,0.40359897172236503,0.7017994858611826,0.7557840616966581,0,0,0,0.06260687220065943,15.972687419919808,0,0
aiopsGVAR_(no mean)_normal_KL06_152036_30_0.0001_1_window_30,aiops,1,normal_KL,GVAR,256,2,0.0001,0.2879177377892031,0.3080548414738644,0.32904884318766153,0.39088117680662665,0.3314193903782594,3960820,30,0,200,0,0,256,2,30,0,mag_phase,attention,aerca_based,1.0,1.0,0.2,0.2,0.5,0.5,0.01,0,0,0,0,0,0,0,0,0,0,0,0,N/A,0.3725404851161773,0.20051413881748073,0.4652956298200514,0.6246786632390745,0.7197943444730077,0,0,0,0.07946648879651852,12.58392078402501,0,0
aiopscLSTM_(no mean)_normal_KL06_152544_30_0.0001_1_window_30,aiops,1,normal_KL,cLSTM,256,2,0.0001,0.2390745501285347,0.26649528706084,0.29588688946015446,0.35781919451585226,0.2952284041294325,2461470,30,0,200,0,0,256,2,30,0,mag_phase,attention,aerca_based,1.0,1.0,0.2,0.2,0.5,0.5,0.01,0,0,0,0,0,0,0,0,0,0,0,0,N/A,0.3039318354697401,0.15167095115681234,0.3033419023136247,0.5295629820051414,0.7043701799485861,0,0,0,0.08485807489919785,11.784382348855912,0,0
aiopsvlinear_(no mean)_normal_KL06_154325_6_0.0001_1_window_6,aiops,1,normal_KL,vlinear,16,2,0.0001,0.30057803468208094,0.36801541425818873,0.408092485549133,0.4633108542068082,0.3989636663914121,158986,6,0,200,0,0,16,2,30,0,mag_phase,attention,aerca_based,1.0,1.0,0.2,0.2,0.5,0.5,0.01,0,0,0,0,0,0,0,0,0,0,0,0,N/A,0.37533718689788054,0.2138728323699422,0.42196531791907516,0.791907514450867,0.791907514450867,0.3989636663914121,0.0566265221614024,0.1206415620641562,0.06384795525170475,15.662208696547095,0.6064834594726562,20.27783203125
