scheme,dataset_name,seed,correlated_KL,architecture,attention_dim,num_attention_heads,lr,AC@1,AC@3,AC@5,AC@10,Avg@10,total_params,window_size,early_stopping,num_epochs,AMOC_Loss,mean_std_recon_loss,outer_hidden_dim,outer_heads_num,num_vars,alpha_lv,time_freq_representation,combine_method,main_model
smdvlinear_(no mean)_normal_KL16_125606_5_0.0001_1_window_5,smd,1,normal_KL,vlinear,256,1,0.0001,0.4442191142191145,0.42099067599067624,0.42541655011655033,0.459343745143745,0.43639329781329794,227565,5,0,1000,0,0,256,1,38,0,mag_phase,attention,aerca_based
smdvlinear_(no mean)_normal_KL16_130332_1_0.0001_1_window_1,smd,1,normal_KL,vlinear,256,1,0.0001,0.443076923076923,0.4104615384615385,0.4161256410256412,0.4762200244200244,0.43461704110704114,223669,1,0,1000,0,0,256,1,38,0,mag_phase,attention,aerca_based
smdvlinear_(no mean)_normal_KL16_131035_7_0.0001_1_window_7,smd,1,normal_KL,vlinear,256,1,0.0001,0.4554358974358973,0.42866381766381795,0.42898461538461524,0.44999230769230764,0.43680531474698137,229513,7,0,1000,0,0,256,1,38,0,mag_phase,attention,aerca_based
smdvlinear_(no mean)_normal_KL16_131815_10_0.0001_1_window_10,smd,1,normal_KL,vlinear,256,1,0.0001,0.508871794871795,0.487940170940171,0.504715384615385,0.5525904761904762,0.515820628815629,232435,10,0,1000,0,0,256,1,38,0,mag_phase,attention,aerca_based
smddeep_mlp_(no mean)_normal_KL16_132746_1_0.0001_1_window_1,smd,1,normal_KL,deep_mlp,256,2,0.0001,0.38261538461538497,0.3614017094017096,0.3668076923076923,0.4241807081807082,0.3845699654049655,25474332,1,1,1000,0,0,128,2,38,0,normal,gated,aerca_based
smddeep_mlp_(no mean)_normal_KL16_134013_1_0.0001_1_window_1,smd,1,normal_KL,deep_mlp,256,2,0.0001,0.38261538461538497,0.3614017094017096,0.3668076923076923,0.4241807081807082,0.3845699654049655,25474332,1,1,1000,0,0,128,2,38,0,normal,gated,aerca_based
smddeep_mlp_(no mean)_normal_KL16_134440_7_0.0001_1_window_7,smd,1,normal_KL,deep_mlp,256,2,0.0001,0,0,0,0,0.0,178320324,7,1,1000,0,0,128,2,38,0,normal,gated,aerca_based
smddeep_mlp_(no mean)_normal_KL16_134451_10_0.0001_1_window_10,smd,1,normal_KL,deep_mlp,256,2,0.0001,0,0,0,0,0.0,254743320,10,1,1000,0,0,128,2,38,0,normal,gated,aerca_based
deep_mlp_(no mean)_normal_KL16_134536_5_0.0001_1_window_5,smd,1,normal_KL,deep_mlp,256,2,0.0001,0.32239160839160835,0.32107536907536927,0.33618461538461547,0.43289937839937875,0.36078924519924527,794885,5,0,1000,0,0,128,2,38,0,normal,gated,iTransformer
deep_mlp_(no mean)_normal_KL16_135159_1_0.0001_1_window_1,smd,1,normal_KL,deep_mlp,256,2,0.0001,0.4009743589743594,0.34288888888888946,0.34028717948717957,0.43128998778998767,0.3711996336996338,792833,1,0,1000,0,0,128,2,38,0,normal,gated,iTransformer
deep_mlp_(no mean)_normal_KL16_135745_7_0.0001_1_window_7,smd,1,normal_KL,deep_mlp,256,2,0.0001,0.32374358974358985,0.3304985754985755,0.34480512820512815,0.445972771672772,0.36810679419346093,795911,7,0,1000,0,0,128,2,38,0,normal,gated,iTransformer
deep_mlp_(no mean)_normal_KL16_140433_10_0.0001_1_window_10,smd,1,normal_KL,deep_mlp,256,2,0.0001,0.2955384615384615,0.3332478632478633,0.3530205128205127,0.45801135531135523,0.37408888685388686,797450,10,0,1000,0,0,128,2,38,0,normal,gated,iTransformer
smdcausalrca_(no mean)_normal_KL16_141223_5_0.0001_1_window_5,smd,1,normal_KL,causalrca,256,2,0.0001,0.43175757575757606,0.3987070707070708,0.3974435897435898,0.4385334554334551,0.41269866522366516,4428,5,0,1000,0,0,256,2,38,0,mag_phase,attention,aerca_based
smdcausalrca_(no mean)_normal_KL16_141946_1_0.0001_1_window_1,smd,1,normal_KL,causalrca,256,2,0.0001,0.43861538461538463,0.411,0.41063076923076924,0.46877655677655666,0.428762389092389,4428,1,0,1000,0,0,256,2,38,0,mag_phase,attention,aerca_based
smdcausalrca_(no mean)_normal_KL16_142614_7_0.0001_1_window_7,smd,1,normal_KL,causalrca,256,2,0.0001,0.4332820512820514,0.4012763532763535,0.4002034188034191,0.44711074481074486,0.41680684371184373,4428,7,0,1000,0,0,256,2,38,0,mag_phase,attention,aerca_based
smdcausalrca_(no mean)_normal_KL16_143333_10_0.0001_1_window_10,smd,1,normal_KL,causalrca,256,2,0.0001,0.4206666666666669,0.3851367521367523,0.38266153846153855,0.42397631257631263,0.3984626170126171,4428,10,0,1000,0,0,256,2,38,0,mag_phase,attention,aerca_based
smdrcd_(no mean)_normal_KL16_144234_5_0.0001_1_window_5,smd,1,normal_KL,rcd,256,2,0.0001,0.003076923076923077,0.14820512820512832,0.2273333333333336,0.6202869352869352,0.30643833943833954,0,5,0,100,0,0,128,2,38,0,normal,gated,aerca_based
smdepsilon_diagnosis_(no mean)_normal_KL16_144733_5_0.0001_1_window_5,smd,1,normal_KL,epsilon_diagnosis,256,2,0.0001,0.21846153846153846,0.20666666666666686,0.2367692307692311,0.5632808302808305,0.31327704517704535,0,5,0,100,0,0,128,2,38,0,normal,gated,aerca_based
smdrcd_(no mean)_normal_KL16_151244_1_0.0001_1_window_1,smd,1,normal_KL,rcd,256,2,0.0001,0.003076923076923077,0.14820512820512832,0.2273333333333336,0.6202869352869352,0.30643833943833954,0,1,0,100,0,0,128,2,38,0,normal,gated,aerca_based
smdepsilon_diagnosis_(no mean)_normal_KL16_151831_1_0.0001_1_window_1,smd,1,normal_KL,epsilon_diagnosis,256,2,0.0001,0.21846153846153846,0.20666666666666686,0.2367692307692311,0.5632808302808305,0.31327704517704535,0,1,0,100,0,0,128,2,38,0,normal,gated,aerca_based
smdrcd_(no mean)_normal_KL16_154714_7_0.0001_1_window_7,smd,1,normal_KL,rcd,256,2,0.0001,0.003076923076923077,0.14820512820512832,0.2273333333333336,0.6202869352869352,0.30643833943833954,0,7,0,100,0,0,128,2,38,0,normal,gated,aerca_based
smdepsilon_diagnosis_(no mean)_normal_KL16_155320_7_0.0001_1_window_7,smd,1,normal_KL,epsilon_diagnosis,256,2,0.0001,0.21846153846153846,0.20666666666666686,0.2367692307692311,0.5632808302808305,0.31327704517704535,0,7,0,100,0,0,128,2,38,0,normal,gated,aerca_based
smdrcd_(no mean)_normal_KL16_162121_10_0.0001_1_window_10,smd,1,normal_KL,rcd,256,2,0.0001,0.003076923076923077,0.14820512820512832,0.2273333333333336,0.6202869352869352,0.30643833943833954,0,10,0,100,0,0,128,2,38,0,normal,gated,aerca_based
smdepsilon_diagnosis_(no mean)_normal_KL16_162735_10_0.0001_1_window_10,smd,1,normal_KL,epsilon_diagnosis,256,2,0.0001,0.21846153846153846,0.20666666666666686,0.2367692307692311,0.5632808302808305,0.31327704517704535,0,10,0,100,0,0,128,2,38,0,normal,gated,aerca_based
smdGVAR_(no mean)_normal_KL17_204441_5_0.0001_1_window_5,smd,1,normal_KL,GVAR,256,2,0.0001,0.4304568764568764,0.4107179487179486,0.40587552447552466,0.4473090798090796,0.42066950327450314,42457220,5,0,1000,0,0,256,2,38,0,mag_phase,attention,aerca_based
smdGVAR_(no mean)_normal_KL17_205853_1_0.0001_1_window_1,smd,1,normal_KL,GVAR,256,2,0.0001,0.39558974358974375,0.37743589743589756,0.3814000000000001,0.43844126984127,0.39660046194546206,8491444,1,0,1000,0,0,256,2,38,0,mag_phase,attention,aerca_based
smdGVAR_(no mean)_normal_KL17_210441_7_0.0001_1_window_7,smd,1,normal_KL,GVAR,256,2,0.0001,0.4285470085470086,0.40426210826210823,0.3966,0.43298095238095224,0.412475875729209,59440108,7,0,1000,0,0,256,2,38,0,mag_phase,attention,aerca_based
smdGVAR_(no mean)_normal_KL17_212154_10_0.0001_1_window_10,smd,1,normal_KL,GVAR,256,2,0.0001,0.4219487179487181,0.3954188034188034,0.40348461538461555,0.44359572649572626,0.4159528937728937,84914440,10,0,1000,0,0,256,2,38,0,mag_phase,attention,aerca_based
smdGVAR_(no mean)_normal_KL17_235118_10_0.0001_1_window_10,smd,1,normal_KL,GVAR,256,2,0.0001,0.4219487179487181,0.3954188034188034,0.40348461538461555,0.44359572649572626,0.4159528937728937,84914440,10,0,1000,0,0,256,2,38,0,mag_phase,attention,aerca_based
deep_mlp_(no mean)_normal_KL18_201015_1_0.0001_1_window_1,smd,1,normal_KL,deep_mlp,256,2,0.0001,0.4388717948717951,0.41002564102564093,0.41361794871794894,0.4625661782661784,0.42862493284493286,1556044,1,0,1000,0,0,128,2,38,0,normal,gated,FEDformer
deep_mlp_(no mean)_normal_KL18_201522_5_0.0001_1_window_5,smd,1,normal_KL,deep_mlp,256,2,0.0001,0.2687272727272727,0.22744988344988368,0.24056620046620042,0.3105855588855589,0.26080605061605067,1818188,5,0,1000,0,0,128,2,38,0,normal,gated,FEDformer
deep_mlp_(no mean)_normal_KL18_202132_7_0.0001_1_window_7,smd,1,normal_KL,deep_mlp,256,2,0.0001,0.24917948717948718,0.21774358974359012,0.22972136752136763,0.30526446886446884,0.2517707990774658,1883724,7,0,1000,0,0,128,2,38,0,normal,gated,FEDformer
deep_mlp_(no mean)_normal_KL18_202838_10_0.0001_1_window_10,smd,1,normal_KL,deep_mlp,256,2,0.0001,0.2387692307692308,0.21423076923076945,0.22422820512820518,0.29427704517704534,0.2436551811151812,2145868,10,0,1000,0,0,128,2,38,0,normal,gated,FEDformer
