scheme,dataset_name,seed,correlated_KL,architecture,attention_dim,num_attention_heads,lr,AC@1,AC@3,AC@5,AC@10,Avg@10,total_params,window_size,early_stopping,num_epochs,AMOC_Loss,mean_std_recon_loss,outer_hidden_dim,outer_heads_num,num_vars,alpha_lv,time_freq_representation,combine_method,main_model,encoder_alpha,decoder_alpha,encoder_gamma (smooth),decoder_gamma,encoder_lambda (sparse),decoder_lambda,beta
smdvlinear_(no mean)_normal_KL28_135038_10_0.0001_7_window_10,smd,7,normal_KL,vlinear,256,2,0.0001,0.40615384615384614,0.3661538461538459,0.3643076923076924,0.39290598290598283,0.37892698412698406,147675,10,0,200,0,0,256,2,38,0,vlinear,gated,aerca_based,0.01,0.01,0.0,0.0,0.0,0.0,0.0
smdvlinear_(no mean)_normal_KL28_135816_10_0.0001_7_window_10,smd,7,normal_KL,vlinear,256,2,0.0001,0.4153846153846154,0.36666666666666636,0.36830769230769234,0.40518803418803423,0.3821901098901098,147675,10,0,200,0,0,256,2,38,0,vlinear,gated,aerca_based,0.01,0.01,0.01,0.01,0.0,0.0,0.0
smdvlinear_(no mean)_normal_KL28_140635_10_0.0001_7_window_10,smd,7,normal_KL,vlinear,256,2,0.0001,0.4246153846153846,0.3666666666666664,0.35871794871794876,0.3872478632478632,0.3779936507936507,147675,10,0,200,0,0,256,2,38,0,vlinear,gated,aerca_based,0.01,0.01,0.1,0.1,0.0,0.0,0.0
smdvlinear_(no mean)_normal_KL28_141507_10_0.0001_7_window_10,smd,7,normal_KL,vlinear,256,2,0.0001,0.4123076923076923,0.36564102564102546,0.3657435897435898,0.3962564102564102,0.3789184371184371,147675,10,0,200,0,0,256,2,38,0,vlinear,gated,aerca_based,0.01,0.01,0.0,0.0,0.1,0.1,0.0
smdvlinear_(no mean)_normal_KL28_142319_10_0.0001_7_window_10,smd,7,normal_KL,vlinear,256,2,0.0001,0.42153846153846153,0.3697435897435894,0.3655384615384616,0.3924358974358973,0.38341880341880336,147675,10,0,200,0,0,256,2,38,0,vlinear,gated,aerca_based,0.01,0.01,0.01,0.01,0.1,0.1,0.0
smdvlinear_(no mean)_normal_KL28_143141_10_0.0001_7_window_10,smd,7,normal_KL,vlinear,256,2,0.0001,0.41846153846153844,0.37743589743589706,0.37646153846153857,0.4051501831501831,0.39144749694749686,147675,10,0,200,0,0,256,2,38,0,vlinear,gated,aerca_based,0.01,0.01,0.1,0.1,0.1,0.1,0.0
smdvlinear_(no mean)_normal_KL28_143958_10_0.0001_7_window_10,smd,7,normal_KL,vlinear,256,2,0.0001,0.40923076923076923,0.376410256410256,0.38005128205128214,0.4057997557997558,0.3912826617826617,147675,10,0,200,0,0,256,2,38,0,vlinear,gated,aerca_based,0.01,0.01,0.0,0.0,0.5,0.5,0.0
smdvlinear_(no mean)_normal_KL28_144744_10_0.0001_7_window_10,smd,7,normal_KL,vlinear,256,2,0.0001,0.4123076923076923,0.37794871794871754,0.37989743589743596,0.406030525030525,0.39193492063492064,147675,10,0,200,0,0,256,2,38,0,vlinear,gated,aerca_based,0.01,0.01,0.01,0.01,0.5,0.5,0.0
smdvlinear_(no mean)_normal_KL28_145517_10_0.0001_7_window_10,smd,7,normal_KL,vlinear,256,2,0.0001,0.41846153846153844,0.3815384615384611,0.38020512820512825,0.4080219780219779,0.39239645909645904,147675,10,0,200,0,0,256,2,38,0,vlinear,gated,aerca_based,0.01,0.01,0.1,0.1,0.5,0.5,0.0
smdvlinear_(no mean)_normal_KL28_153037_20_0.0001_7_window_20 (sample rate 3),smd,7,normal_KL,vlinear,256,2,0.0001,0.37538461538461537,0.35179487179487184,0.34943589743589754,0.361952380952381,0.3557470085470086,153565,20,0,200,0,0,256,2,38,0,vlinear,gated,aerca_based,0.01,0.01,0.1,0.1,0.0,0.0,0.0
smdvlinear_(no mean)_normal_KL28_153731_30_0.0001_7_window_30 (sample rate 3),smd,7,normal_KL,vlinear,256,2,0.0001,0.37538461538461537,0.35025641025641024,0.3473333333333333,0.3683369963369963,0.3588526251526251,159455,30,0,200,0,0,256,2,38,0,vlinear,gated,aerca_based,0.01,0.01,0.1,0.1,0.0,0.0,0.0
smdvlinear_(no mean)_normal_KL28_154611_20_0.0001_7_window_20 (sample rate 1),smd,7,normal_KL,vlinear,256,2,0.0001,0.4276923076923077,0.36717948717948673,0.3475384615384616,0.35857020757020763,0.3636836385836385,153565,20,0,200,0,0,256,2,38,0,vlinear,gated,aerca_based,0.01,0.01,0.1,0.1,0.0,0.0,0.0
smdvlinear_(no mean)_normal_KL28_160142_30_0.0001_7_window_30 (sample rate 1),smd,7,normal_KL,vlinear,256,2,0.0001,0.49538461538461537,0.4184615384615382,0.3937948717948717,0.39350549450549455,0.4123786324786325,159455,30,0,200,0,0,256,2,38,0,vlinear,gated,aerca_based,0.01,0.01,0.1,0.1,0.0,0.0,0.0
smdvlinear_(no mean)_normal_KL28_161652_10_0.0001_7_window_10 (sample rate 1),smd,7,normal_KL,vlinear,256,2,0.0001,0.5815384615384616,0.44717948717948675,0.4126153846153845,0.4242942612942612,0.44526642246642245,147675,10,0,200,0,0,256,2,38,0,vlinear,gated,aerca_based,0.01,0.01,0.1,0.1,0.0,0.0,0.0
-------------------------------------------------------------------------------


smdvlinear_(no mean)_normal_KL28_164558_10_0.0001_7_window_10,smd,7,normal_KL,vlinear,256,2,0.0001,0.5876923076923077,0.44051282051282,0.4113846153846152,0.4244310134310133,0.44178131868131854,147675,10,0,200,0,0,256,2,38,0,vlinear,gated,aerca_based,1.0,1.0,0.0,0.0,0.0,0.0,0.0
smdvlinear_(no mean)_normal_KL28_170339_10_0.0001_7_window_10,smd,7,normal_KL,vlinear,256,2,0.0001,0.5907692307692308,0.44051282051282004,0.4173846153846153,0.4248363858363856,0.4457567765567765,147675,10,0,200,0,0,256,2,38,0,vlinear,gated,aerca_based,1.0,1.0,0.0,0.0,0.01,0.01,0.0
smdvlinear_(no mean)_normal_KL28_172223_10_0.0001_7_window_10,smd,7,normal_KL,vlinear,256,2,0.0001,0.5661538461538461,0.43076923076923024,0.40507692307692283,0.4156544566544565,0.43201282051282036,147675,10,0,200,0,0,256,2,38,0,vlinear,gated,aerca_based,1.0,1.0,0.0,0.0,0.5,0.5,0.0
smdvlinear_(no mean)_normal_KL28_174026_10_0.0001_7_window_10,smd,7,normal_KL,vlinear,256,2,0.0001,0.5815384615384616,0.44717948717948675,0.4126153846153845,0.4242942612942612,0.44526642246642245,147675,10,0,200,0,0,256,2,38,0,vlinear,gated,aerca_based,1.0,1.0,0.1,0.1,0.0,0.0,0.0
smdvlinear_(no mean)_normal_KL28_175848_10_0.0001_7_window_10,smd,7,normal_KL,vlinear,256,2,0.0001,0.5846153846153846,0.44769230769230717,0.4102051282051281,0.42611111111111094,0.4444275946275945,147675,10,0,200,0,0,256,2,38,0,vlinear,gated,aerca_based,1.0,1.0,0.1,0.1,0.01,0.01,0.0
smdvlinear_(no mean)_normal_KL28_181646_10_0.0001_7_window_10,smd,7,normal_KL,vlinear,256,2,0.0001,0.5661538461538461,0.42820512820512774,0.40266666666666645,0.41335531135531134,0.4326101343101342,147675,10,0,200,0,0,256,2,38,0,vlinear,gated,aerca_based,1.0,1.0,0.1,0.1,0.5,0.5,0.0
smdvlinear_(no mean)_normal_KL28_183436_10_0.0001_7_window_10,smd,7,normal_KL,vlinear,256,2,0.0001,0.5876923076923077,0.44666666666666627,0.41374358974358966,0.4315409035409034,0.44834529914529897,147675,10,0,200,0,0,256,2,38,0,vlinear,gated,aerca_based,1.0,1.0,0.2,0.2,0.0,0.0,0.0
smdvlinear_(no mean)_normal_KL28_185245_10_0.0001_7_window_10,smd,7,normal_KL,vlinear,256,2,0.0001,0.5846153846153846,0.4517948717948713,0.4095384615384614,0.4282429792429791,0.4466654456654456,147675,10,0,200,0,0,256,2,38,0,vlinear,gated,aerca_based,1.0,1.0,0.2,0.2,0.01,0.01,0.0
smdvlinear_(no mean)_normal_KL28_191051_10_0.0001_7_window_10,smd,7,normal_KL,vlinear,256,2,0.0001,0.5692307692307692,0.43076923076923024,0.39974358974358964,0.40691575091575083,0.4307804639804639,147675,10,0,200,0,0,256,2,38,0,vlinear,gated,aerca_based,1.0,1.0,0.2,0.2,0.5,0.5,0.0


------ with orth -----

smdvlinear_(no mean)_normal_KL28_193058_10_0.0001_7_window_10 (with orth),smd,7,normal_KL,vlinear,256,2,0.0001,0.5507692307692308,0.4630769230769235,0.4409743589743586,0.45607326007325993,0.4659809523809524,147675,10,0,200,0,0,256,2,38,0,vlinear,gated,aerca_based,1.0,1.0,0.0,0.0,0.0,0.0,0.0
smdvlinear_(no mean)_normal_KL28_194940_10_0.0001_7_window_10 (with orth),smd,7,normal_KL,vlinear,256,2,0.0001,0.5538461538461539,0.47794871794871857,0.4418461538461537,0.45744078144078143,0.4721929181929182,147675,10,0,200,0,0,256,2,38,0,vlinear,gated,aerca_based,1.0,1.0,0.0,0.0,0.01,0.01,0.0
smdvlinear_(no mean)_normal_KL28_200918_10_0.0001_7_window_10 (with orth),smd,7,normal_KL,vlinear,256,2,0.0001,0.5538461538461539,0.48666666666666725,0.46425641025641023,0.4733040293040296,0.48765995115995137,147675,10,0,200,0,0,256,2,38,0,vlinear,gated,aerca_based,1.0,1.0,0.0,0.0,0.5,0.5,0.0
smdvlinear_(no mean)_normal_KL28_202843_10_0.0001_7_window_10 (with orth),smd,7,normal_KL,vlinear,256,2,0.0001,0.5415384615384615,0.4548717948717951,0.42887179487179466,0.4422271062271061,0.4546532356532357,147675,10,0,200,0,0,256,2,38,0,vlinear,gated,aerca_based,1.0,1.0,0.1,0.1,0.0,0.0,0.0
smdvlinear_(no mean)_normal_KL28_204701_10_0.0001_7_window_10 (with orth),smd,7,normal_KL,vlinear,256,2,0.0001,0.5446153846153846,0.4610256410256414,0.4375384615384613,0.45056898656898653,0.46451648351648345,147675,10,0,200,0,0,256,2,38,0,vlinear,gated,aerca_based,1.0,1.0,0.1,0.1,0.01,0.01,0.0
smdvlinear_(no mean)_normal_KL28_210608_10_0.0001_7_window_10 (with orth),smd,7,normal_KL,vlinear,256,2,0.0001,0.56,0.4887179487179494,0.4559487179487179,0.46810744810744825,0.48390109890109895,147675,10,0,200,0,0,256,2,38,0,vlinear,gated,aerca_based,1.0,1.0,0.1,0.1,0.5,0.5,0.0
smdvlinear_(no mean)_normal_KL28_212449_10_0.0001_7_window_10 (with orth),smd,7,normal_KL,vlinear,256,2,0.0001,0.5507692307692308,0.4707692307692313,0.4487179487179484,0.4587142857142855,0.4727842490842491,147675,10,0,200,0,0,256,2,38,0,vlinear,gated,aerca_based,1.0,1.0,0.2,0.2,0.0,0.0,0.0
smdvlinear_(no mean)_normal_KL28_214347_10_0.0001_7_window_10 (with orth),smd,7,normal_KL,vlinear,256,2,0.0001,0.5446153846153846,0.47692307692307734,0.44989743589743575,0.46241514041514026,0.474901221001221,147675,10,0,200,0,0,256,2,38,0,vlinear,gated,aerca_based,1.0,1.0,0.2,0.2,0.01,0.01,0.0
smdvlinear_(no mean)_normal_KL28_220258_10_0.0001_7_window_10 (with orth),smd,7,normal_KL,vlinear,256,2,0.0001,0.5692307692307692,0.49487179487179545,0.4553846153846151,0.4723040293040294,0.48691562881562894,147675,10,0,200,0,0,256,2,38,0,vlinear,gated,aerca_based,1.0,1.0,0.2,0.2,0.5,0.5,0.0
smdvlinear_(no mean)_normal_KL28_222240_20_0.0001_7_window_20 (with orth),smd,7,normal_KL,vlinear,256,2,0.0001,0.4523076923076923,0.4071794871794871,0.3875897435897436,0.39078021978021976,0.40084847374847377,153565,20,0,200,0,0,256,2,38,0,vlinear,gated,aerca_based,1.0,1.0,0.0,0.0,0.0,0.0,0.0
smdvlinear_(no mean)_normal_KL28_223858_20_0.0001_7_window_20 (with orth),smd,7,normal_KL,vlinear,256,2,0.0001,0.4523076923076923,0.3958974358974357,0.37774358974358974,0.3804896214896215,0.39061074481074476,153565,20,0,200,0,0,256,2,38,0,vlinear,gated,aerca_based,1.0,1.0,0.0,0.0,0.01,0.01,0.0
smdvlinear_(no mean)_normal_KL28_225437_20_0.0001_7_window_20 (with orth),smd,7,normal_KL,vlinear,256,2,0.0001,0.4276923076923077,0.36923076923076903,0.35553846153846147,0.3717887667887667,0.3731365079365079,153565,20,0,200,0,0,256,2,38,0,vlinear,gated,aerca_based,1.0,1.0,0.0,0.0,0.5,0.5,0.0
smdvlinear_(no mean)_normal_KL28_231021_20_0.0001_7_window_20 (with orth),smd,7,normal_KL,vlinear,256,2,0.0001,0.48307692307692307,0.4302564102564102,0.40348717948717955,0.409179487179487,0.4196753357753358,153565,20,0,200,0,0,256,2,38,0,vlinear,gated,aerca_based,1.0,1.0,0.1,0.1,0.0,0.0,0.0
smdvlinear_(no mean)_normal_KL28_232529_20_0.0001_7_window_20 (with orth),smd,7,normal_KL,vlinear,256,2,0.0001,0.46153846153846156,0.41076923076923066,0.3885641025641026,0.39963003663003643,0.4036474969474969,153565,20,0,200,0,0,256,2,38,0,vlinear,gated,aerca_based,1.0,1.0,0.1,0.1,0.01,0.01,0.0
smdvlinear_(no mean)_normal_KL28_234112_20_0.0001_7_window_20 (with orth),smd,7,normal_KL,vlinear,256,2,0.0001,0.4307692307692308,0.3830769230769229,0.35707692307692296,0.3777338217338218,0.38110708180708175,153565,20,0,200,0,0,256,2,38,0,vlinear,gated,aerca_based,1.0,1.0,0.1,0.1,0.5,0.5,0.0
smdvlinear_(no mean)_normal_KL28_235551_20_0.0001_7_window_20 (with orth),smd,7,normal_KL,vlinear,256,2,0.0001,0.4461538461538462,0.40205128205128204,0.3796923076923076,0.38721123321123313,0.39328754578754577,153565,20,0,200,0,0,256,2,38,0,vlinear,gated,aerca_based,1.0,1.0,0.2,0.2,0.0,0.0,0.0
smdvlinear_(no mean)_normal_KL29_001201_20_0.0001_7_window_20 (with orth),smd,7,normal_KL,vlinear,256,2,0.0001,0.4553846153846154,0.4184615384615384,0.3971794871794872,0.40504884004883984,0.4109687423687423,153565,20,0,200,0,0,256,2,38,0,vlinear,gated,aerca_based,1.0,1.0,0.2,0.2,0.01,0.01,0.0
smdvlinear_(no mean)_normal_KL29_002711_20_0.0001_7_window_20 (with orth),smd,7,normal_KL,vlinear,256,2,0.0001,0.4430769230769231,0.39333333333333315,0.3721025641025641,0.38419902319902316,0.38864407814407814,153565,20,0,200,0,0,256,2,38,0,vlinear,gated,aerca_based,1.0,1.0,0.2,0.2,0.5,0.5,0.0
smdvlinear_(no mean)_normal_KL29_004255_30_0.0001_7_window_30 (with orth),smd,7,normal_KL,vlinear,256,2,0.0001,0.4676923076923077,0.3923076923076921,0.35820512820512823,0.36500244200244203,0.38383040293040294,159455,30,0,200,0,0,256,2,38,0,vlinear,gated,aerca_based,1.0,1.0,0.0,0.0,0.0,0.0,0.0
smdvlinear_(no mean)_normal_KL29_005746_30_0.0001_7_window_30 (with orth),smd,7,normal_KL,vlinear,256,2,0.0001,0.4676923076923077,0.39948717948717916,0.3636923076923077,0.3715579975579975,0.3877499389499389,159455,30,0,200,0,0,256,2,38,0,vlinear,gated,aerca_based,1.0,1.0,0.0,0.0,0.01,0.01,0.0
smdvlinear_(no mean)_normal_KL29_011155_30_0.0001_7_window_30 (with orth),smd,7,normal_KL,vlinear,256,2,0.0001,0.4584615384615385,0.3984615384615381,0.3682051282051282,0.370929181929182,0.3896083028083027,159455,30,0,200,0,0,256,2,38,0,vlinear,gated,aerca_based,1.0,1.0,0.0,0.0,0.5,0.5,0.0
smdvlinear_(no mean)_normal_KL29_012624_30_0.0001_7_window_30 (with orth),smd,7,normal_KL,vlinear,256,2,0.0001,0.4523076923076923,0.388205128205128,0.3605641025641026,0.36633577533577527,0.3807173382173382,159455,30,0,200,0,0,256,2,38,0,vlinear,gated,aerca_based,1.0,1.0,0.1,0.1,0.0,0.0,0.0
smdvlinear_(no mean)_normal_KL29_014017_30_0.0001_7_window_30 (with orth),smd,7,normal_KL,vlinear,256,2,0.0001,0.4553846153846154,0.38717948717948697,0.35964102564102557,0.3656691086691086,0.3793838827838828,159455,30,0,200,0,0,256,2,38,0,vlinear,gated,aerca_based,1.0,1.0,0.1,0.1,0.01,0.01,0.0
smdvlinear_(no mean)_normal_KL29_015439_30_0.0001_7_window_30 (with orth),smd,7,normal_KL,vlinear,256,2,0.0001,0.4492307692307692,0.3887179487179483,0.35979487179487174,0.35723199023199026,0.37755164835164823,159455,30,0,200,0,0,256,2,38,0,vlinear,gated,aerca_based,1.0,1.0,0.1,0.1,0.5,0.5,0.0
smdvlinear_(no mean)_normal_KL29_020939_30_0.0001_7_window_30 (with orth),smd,7,normal_KL,vlinear,256,2,0.0001,0.4523076923076923,0.40307692307692283,0.3730256410256412,0.380126984126984,0.39211184371184366,159455,30,0,200,0,0,256,2,38,0,vlinear,gated,aerca_based,1.0,1.0,0.2,0.2,0.0,0.0,0.0
smdvlinear_(no mean)_normal_KL29_022344_30_0.0001_7_window_30 (with orth),smd,7,normal_KL,vlinear,256,2,0.0001,0.4430769230769231,0.3953846153846152,0.3578461538461539,0.36497313797313785,0.38005921855921854,159455,30,0,200,0,0,256,2,38,0,vlinear,gated,aerca_based,1.0,1.0,0.2,0.2,0.01,0.01,0.0
smdvlinear_(no mean)_normal_KL29_023810_30_0.0001_7_window_30 (with orth),smd,7,normal_KL,vlinear,256,2,0.0001,0.4492307692307692,0.3938461538461535,0.36651282051282047,0.3684590964590964,0.38498485958485945,159455,30,0,200,0,0,256,2,38,0,vlinear,gated,aerca_based,1.0,1.0,0.2,0.2,0.5,0.5,0.0
smdvlinear_(no mean)_normal_KL29_053909_6_0.0001_7_window_6 (with orth),smd,7,normal_KL,vlinear,256,2,0.0001,0.48615384615384616,0.4497435897435903,0.4210256410256408,0.4464420024420026,0.4427938949938951,145319,6,0,200,0,0,256,2,38,0,vlinear,gated,aerca_based,1.0,1.0,0.2,0.2,0.5,0.5,0.0
smdGVAR_(no mean)_normal_KL29_060041_6_0.0001_7_window_6 (with orth),smd,7,normal_KL,GVAR,256,2,0.0001,0.20307692307692307,0.19538461538461535,0.2207692307692308,0.30080463980463973,0.23596300366300366,42457220,6,0,200,0,0,256,2,38,0,vlinear,gated,aerca_based,1.0,1.0,0.2,0.2,0.5,0.5,0.0
smdvlinear_(no mean)_normal_KL29_063548_8_0.0001_7_window_8 (with orth),smd,7,normal_KL,vlinear,256,2,0.0001,0.40615384615384614,0.3825641025641026,0.36487179487179466,0.3718168498168498,0.3755612942612942,146497,8,0,200,0,0,256,2,38,0,vlinear,gated,aerca_based,1.0,1.0,0.2,0.2,0.5,0.5,0.0
smdGVAR_(no mean)_normal_KL29_065523_8_0.0001_7_window_8 (with orth),smd,7,normal_KL,GVAR,256,2,0.0001,0.14153846153846153,0.17179487179487182,0.19169230769230772,0.25715873015873003,0.19789804639804637,59440108,8,0,200,0,0,256,2,38,0,vlinear,gated,aerca_based,1.0,1.0,0.2,0.2,0.5,0.5,0.0
smdvlinear_(no mean)_normal_KL29_072948_10_0.0001_7_window_10 (with orth),smd,7,normal_KL,vlinear,256,2,0.0001,0.5692307692307692,0.49487179487179545,0.4553846153846151,0.4723040293040294,0.48691562881562894,147675,10,0,200,0,0,256,2,38,0,vlinear,gated,aerca_based,1.0,1.0,0.2,0.2,0.5,0.5,0.0
smdGVAR_(no mean)_normal_KL29_074817_10_0.0001_7_window_10 (with orth),smd,7,normal_KL,GVAR,256,2,0.0001,0.15692307692307692,0.176923076923077,0.19835897435897437,0.28565811965811966,0.21461452991452995,76422996,10,0,200,0,0,256,2,38,0,vlinear,gated,aerca_based,1.0,1.0,0.2,0.2,0.5,0.5,0.0
smdvlinear_(no mean)_normal_KL29_082223_20_0.0001_7_window_20 (with orth),smd,7,normal_KL,vlinear,256,2,0.0001,0.4430769230769231,0.39333333333333315,0.3721025641025641,0.38419902319902316,0.38864407814407814,153565,20,0,200,0,0,256,2,38,0,vlinear,gated,aerca_based,1.0,1.0,0.2,0.2,0.5,0.5,0.0
smdGVAR_(no mean)_normal_KL29_083740_20_0.0001_7_window_20 (with orth),smd,7,normal_KL,GVAR,256,2,0.0001,0.09846153846153846,0.10923076923076927,0.13487179487179493,0.2217106227106226,0.15006678876678875,161337436,20,0,200,0,0,256,2,38,0,vlinear,gated,aerca_based,1.0,1.0,0.2,0.2,0.5,0.5,0.0
smdvlinear_(no mean)_normal_KL29_091254_30_0.0001_7_window_30 (with orth),smd,7,normal_KL,vlinear,256,2,0.0001,0.4492307692307692,0.3938461538461535,0.36651282051282047,0.3684590964590964,0.38498485958485945,159455,30,0,200,0,0,256,2,38,0,vlinear,gated,aerca_based,1.0,1.0,0.2,0.2,0.5,0.5,0.0
smdGVAR_(no mean)_normal_KL29_092645_30_0.0001_7_window_30 (with orth),smd,7,normal_KL,GVAR,256,2,0.0001,0.09538461538461539,0.11538461538461539,0.15025641025641032,0.26241880341880347,0.16454481074481078,246251876,30,0,200,0,0,256,2,38,0,vlinear,gated,aerca_based,1.0,1.0,0.2,0.2,0.5,0.5,0.0
