scheme,dataset_name,seed,correlated_KL,architecture,hidden_layer_size,num_attention_heads,lr,AC@1,AC@3,AC@5,AC@10,Avg@10,total_params,window_size,early_stopping,num_epochs,AMOC_Loss,mean_std_recon_loss,outer_hidden_dim,outer_heads_num,num_vars,alpha_lv,time_freq_representation,combine_method,main_model,encoder_alpha,decoder_alpha,encoder_gamma (smooth),decoder_gamma,encoder_lambda (sparse),decoder_lambda,beta,AC@1_metric,AC@3_metric,AC@5_metric,AC@10_metric,AC@1_node,AC@3_node,AC@5_node,AC@10_node,AC@1_service,AC@3_service,AC@5_service,AC@10_service,RCA_coverage,mrr,hr@1,hr@3,hr@5,hr@10,auc@10,std_ac,coverage,avg_time,throughput,model_mem_mb,peak_mem_mb,train_total_time,train_avg_epoch_time,train_throughput,train_peak_mem_mb,temporal_mixer,disable_orth_proj,use_MoM,latent_mode,context,pool,coeff_mode,predictor
wadivlinear_(no mean)_normal_KL06_021733_20_0.0001_1_window_20,wadi,1,normal_KL,vlinear,128,0,0.0001,0.0,0.375,0.375,0.375,0.325,73856,20,0,200,0,0,128,2,127,0,normal,gated,aerca_based,1.0,1.0,0.5,0.5,0.5,0.5,0.01,0,0,0,0,0,0,0,0,0,0,0,0,N/A,0.1633218050065876,0.125,0.125,0.125,0.125,0.325,0.11456439237389601,1.0,0.18691885471343994,5.34991508231244,0.6558647155761719,23.89111328125,209.64492464065552,1.0482246232032777,2304.849501261406,5764.22607421875,1,0,0,mul,none,split_diff,bipartite,mlp
wadiGVAR_(no mean)_normal_KL06_022153_20_0.0001_1_window_20,wadi,1,normal_KL,GVAR,128,0,0.0001,0.125,0.375,0.5,0.5,0.4375,40157203,20,0,200,0,0,128,2,127,0,normal,gated,aerca_based,1.0,1.0,0.5,0.5,0.5,0.5,0.01,0,0,0,0,0,0,0,0,0,0,0,0,N/A,0.1144956460982168,0.0,0.25,0.25,0.25,0.4375,0.1152443057161611,1.0,0.18928787112236023,5.282958670677721,153.56017303466797,637.07275390625,113.93213081359863,0.5696606540679932,4241.121416315393,3594.3466796875,1,0,0,mul,none,split_diff,bipartite,mlp
wadibaro_(no mean)_normal_KL06_022536_20_0.0001_1_window_20,wadi,1,normal_KL,baro,128,0,0.0001,0.25,0.375,0.375,0.625,0.425,0,20,0,100,0,0,128,2,127,0,normal,gated,aerca_based,1.0,1.0,0.1,0.1,0.5,0.5,0.1,0,0,0,0,0,0,0,0,0,0,0,0,N/A,0.33503128815628813,0.25,0.375,0.375,0.625,0.425,0.12747548783981963,1.0,0,0,0,0,0,0,0,0,1,0,tinyMoM,mul,none,split_diff,bipartite,mlp
waditorai_(no mean)_normal_KL06_022545_20_0.0001_1_window_20,wadi,1,normal_KL,torai,128,0,0.0001,0.25,0.375,0.375,0.5,0.375,0,20,0,100,0,0,128,2,127,0,normal,gated,aerca_based,1.0,1.0,0.1,0.1,0.5,0.5,0.1,0,0,0,0,0,0,0,0,0,0,0,0,N/A,0.3411903203846725,0.25,0.375,0.375,0.5,0.375,0.05590169943749474,1.0,0,0,0,0,0,0,0,0,1,0,tinyMoM,mul,none,split_diff,bipartite,mlp
wadircd_(no mean)_normal_KL06_022559_20_0.0001_1_window_20,wadi,1,normal_KL,rcd,128,0,0.0001,0.0,0.0,0.0,0.0,0.0,0,20,0,100,0,0,128,2,127,0,normal,gated,aerca_based,1.0,1.0,0.1,0.1,0.5,0.5,0.1,0,0,0,0,0,0,0,0,0,0,0,0,N/A,0.2662909588620151,0.25,0.25,0.25,0.25,0.0,0.0,1.0,0,0,0,0,0,0,0,0,1,0,tinyMoM,mul,none,split_diff,bipartite,mlp
wadicLSTM_(no mean)_normal_KL06_022614_20_0.0001_1_window_20,wadi,1,normal_KL,cLSTM,128,0,0.0001,0.125,0.375,0.5,0.5,0.4,16727551,20,0,200,0,0,128,2,127,0,normal,gated,aerca_based,1.0,1.0,0.5,0.5,0.5,0.5,0.01,0,0,0,0,0,0,0,0,0,0,0,0,N/A,0.16666666666666666,0.0,0.25,0.25,0.5,0.4,0.14577379737113252,1.0,0.1830454170703888,5.46312503205397,64.18314361572266,304.41162109375,309.6543610095978,1.548271805047989,1560.4495232186416,4082.06689453125,1,0,0,mul,none,split_diff,bipartite,mlp
wadiGVAR_(no mean)_normal_KL06_023719_30_0.0001_1_window_30,wadi,1,normal_KL,GVAR,128,0,0.0001,0.125,0.125,0.125,0.25,0.1875,61292573,30,0,200,0,0,128,2,127,0,normal,gated,aerca_based,1.0,1.0,0.5,0.5,0.5,0.5,0.01,0,0,0,0,0,0,0,0,0,0,0,0,N/A,0.03179396421327317,0.0,0.0,0.0,0.125,0.1875,0.0625,1.0,0.1819220781326294,5.496858931387948,234.18521118164062,965.93017578125,119.12024641036987,0.5956012320518493,2704.829864857896,5427.052734375,1,0,0,mul,none,split_diff,bipartite,mlp
wadibaro_(no mean)_normal_KL06_024136_30_0.0001_1_window_30,wadi,1,normal_KL,baro,128,0,0.0001,0.25,0.375,0.375,0.625,0.4,0,30,0,100,0,0,128,2,127,0,normal,gated,aerca_based,1.0,1.0,0.1,0.1,0.5,0.5,0.1,0,0,0,0,0,0,0,0,0,0,0,0,N/A,0.33025850565292314,0.25,0.375,0.375,0.625,0.4,0.10897247358851683,1.0,0,0,0,0,0,0,0,0,1,0,tinyMoM,mul,none,split_diff,bipartite,mlp
waditorai_(no mean)_normal_KL06_024144_30_0.0001_1_window_30,wadi,1,normal_KL,torai,128,0,0.0001,0.25,0.375,0.375,0.75,0.4625,0,30,0,100,0,0,128,2,127,0,normal,gated,aerca_based,1.0,1.0,0.1,0.1,0.5,0.5,0.1,0,0,0,0,0,0,0,0,0,0,0,0,N/A,0.3652227057812164,0.25,0.375,0.375,0.75,0.4625,0.1375,1.0,0,0,0,0,0,0,0,0,1,0,tinyMoM,mul,none,split_diff,bipartite,mlp
wadircd_(no mean)_normal_KL06_024158_30_0.0001_1_window_30,wadi,1,normal_KL,rcd,128,0,0.0001,0.0,0.0,0.0,0.0,0.0,0,30,0,100,0,0,128,2,127,0,normal,gated,aerca_based,1.0,1.0,0.1,0.1,0.5,0.5,0.1,0,0,0,0,0,0,0,0,0,0,0,0,N/A,0.2662909588620151,0.25,0.25,0.25,0.25,0.0,0.0,1.0,0,0,0,0,0,0,0,0,1,0,tinyMoM,mul,none,split_diff,bipartite,mlp
wadicLSTM_(no mean)_normal_KL06_024219_30_0.0001_1_window_30,wadi,1,normal_KL,cLSTM,128,0,0.0001,0.25,0.375,0.375,0.375,0.3625,16727551,30,0,200,0,0,128,2,127,0,normal,gated,aerca_based,1.0,1.0,0.5,0.5,0.5,0.5,0.01,0,0,0,0,0,0,0,0,0,0,0,0,N/A,0.05980298784920633,0.0,0.0,0.0,0.125,0.3625,0.0375,1.0,0.19290408492088318,5.183923401156256,64.18314361572266,305.34326171875,291.815367937088,1.45907683968544,1104.122796128621,6050.94775390625,1,0,0,mul,none,split_diff,bipartite,mlp
wadivlinear_(no mean)_normal_KL06_065653_20_0.0001_1_window_20,wadi,1,normal_KL,vlinear,128,0,0.0001,0.0,0.375,0.375,0.375,0.325,73856,20,0,200,0,0,128,2,127,0,normal,gated,aerca_based,1.0,1.0,0.5,0.5,0.5,0.5,0.01,0,0,0,0,0,0,0,0,0,0,0,0,N/A,0.1633218050065876,0.125,0.125,0.125,0.125,0.325,0.11456439237389601,1.0,0.4657774865627289,2.146947907207027,0.6558647155761719,23.89111328125,211.34419345855713,1.0567209672927858,2286.317840545506,5764.22607421875,1,0,0,mul,none,split_diff,bipartite,mlp
wadivlinear_(no mean)_normal_KL06_100431_4_0.0001_1_window_4,wadi,1,normal_KL,vlinear,128,0,0.0001,0.25,0.25,0.25,0.25,0.25,67712,4,0,200,0,0,128,2,127,0,normal,gated,aerca_based,1.0,1.0,0.5,0.5,0.5,0.5,0.01,0,0,0,0,0,0,0,0,0,0,0,0,N/A,0.1618555726853141,0.125,0.125,0.125,0.125,0.25,0.0,1.0,0.17956814169883728,5.568916571387981,0.6309623718261719,19.40966796875,242.10628962516785,1.2105314481258391,9983.218543153222,1197.96875,1,0,0,mul,none,split_diff,bipartite,mlp
wadiGVAR_(no mean)_normal_KL06_100942_4_0.0001_1_window_4,wadi,1,normal_KL,GVAR,128,0,0.0001,0.25,0.25,0.25,0.25,0.25,6340611,4,0,200,0,0,128,2,127,0,normal,gated,aerca_based,1.0,1.0,0.5,0.5,0.5,0.5,0.01,0,0,0,0,0,0,0,0,0,0,0,0,N/A,0.16438136246253357,0.125,0.125,0.125,0.25,0.25,0.0,1.0,0.19385147094726562,5.15858866127477,24.56011199951172,115.5673828125,106.94461488723755,0.5347230744361877,22600.48346098105,663.7587890625,1,0,0,mul,none,split_diff,bipartite,mlp
wadibaro_(no mean)_normal_KL06_101243_4_0.0001_1_window_4,wadi,1,normal_KL,baro,128,0,0.0001,0.25,0.25,0.25,0.25,0.25,0,4,0,100,0,0,128,2,127,0,normal,gated,aerca_based,1.0,1.0,0.1,0.1,0.5,0.5,0.1,0,0,0,0,0,0,0,0,0,0,0,0,N/A,0.2746716503501043,0.25,0.25,0.25,0.25,0.25,0.0,1.0,0,0,0,0,0,0,0,0,1,0,tinyMoM,mul,none,split_diff,bipartite,mlp
waditorai_(no mean)_normal_KL06_101252_4_0.0001_1_window_4,wadi,1,normal_KL,torai,128,0,0.0001,0.25,0.25,0.25,0.25,0.25,0,4,0,100,0,0,128,2,127,0,normal,gated,aerca_based,1.0,1.0,0.1,0.1,0.5,0.5,0.1,0,0,0,0,0,0,0,0,0,0,0,0,N/A,0.2733949173775875,0.25,0.25,0.25,0.25,0.25,0.0,1.0,0,0,0,0,0,0,0,0,1,0,tinyMoM,mul,none,split_diff,bipartite,mlp
wadircd_(no mean)_normal_KL06_101301_4_0.0001_1_window_4,wadi,1,normal_KL,rcd,128,0,0.0001,0.0,0.0,0.0,0.0,0.0,0,4,0,100,0,0,128,2,127,0,normal,gated,aerca_based,1.0,1.0,0.1,0.1,0.5,0.5,0.1,0,0,0,0,0,0,0,0,0,0,0,0,N/A,0.2662909588620151,0.25,0.25,0.25,0.25,0.0,0.0,1.0,0,0,0,0,0,0,0,0,1,0,tinyMoM,mul,none,split_diff,bipartite,mlp
wadicLSTM_(no mean)_normal_KL06_101314_4_0.0001_1_window_4,wadi,1,normal_KL,cLSTM,128,0,0.0001,0.125,0.25,0.25,0.375,0.2625,16727551,4,0,200,0,0,128,2,127,0,normal,gated,aerca_based,1.0,1.0,0.5,0.5,0.5,0.5,0.01,0,0,0,0,0,0,0,0,0,0,0,0,N/A,0.07027062039662846,0.0,0.125,0.125,0.125,0.2625,0.0875,1.0,0.1725621521472931,5.7950134925672145,64.18314361572266,304.21630859375,652.018458366394,5.2582133739225325,2298.3091671277707,929.76513671875,1,0,0,mul,none,split_diff,bipartite,mlp
wadiCUTS_PLUS_(no mean)_normal_KL06_103155_4_0.0001_1_window_4,wadi,1,normal_KL,CUTS_PLUS,128,0,0.0001,0.125,0.25,0.25,0.5625,0.34375,163584,4,0,200,0,0,128,2,127,0,normal,gated,aerca_based,1.0,1.0,0.5,0.5,0.5,0.5,0.01,0,0,0,0,0,0,0,0,0,0,0,0,N/A,0.14390103402903012,0.125,0.125,0.125,0.125,0.34375,0.15372967345311053,1.0,0.18014085292816162,5.551211642140887,0.9966239929199219,20.056640625,1885.201068162918,9.42600534081459,1282.0913592815364,1553.17919921875,1,0,0,mul,none,split_diff,bipartite,mlp
wadivlinear_(no mean)_normal_KL06_111329_8_0.0001_1_window_8,wadi,1,normal_KL,vlinear,128,0,0.0001,0.375,0.375,0.375,0.5,0.4125,69248,8,0,200,0,0,128,2,127,0,normal,gated,aerca_based,1.0,1.0,0.5,0.5,0.5,0.5,0.01,0,0,0,0,0,0,0,0,0,0,0,0,N/A,0.16533780388197383,0.125,0.125,0.125,0.25,0.4125,0.057282196186948006,1.0,0.19305619597434998,5.17983893214628,0.6370048522949219,20.4287109375,221.66209387779236,1.1083104693889618,5451.541031937648,2333.51171875,1,0,0,mul,none,split_diff,bipartite,mlp
wadiGVAR_(no mean)_normal_KL06_111805_8_0.0001_1_window_8,wadi,1,normal_KL,GVAR,128,0,0.0001,0.25,0.5,0.5,0.5,0.4625,14794759,8,0,200,0,0,128,2,127,0,normal,gated,aerca_based,1.0,1.0,0.5,0.5,0.5,0.5,0.01,0,0,0,0,0,0,0,0,0,0,0,0,N/A,0.15379565019869473,0.125,0.125,0.125,0.25,0.4625,0.08003905296791061,1.0,0.19838660955429077,5.040662785894018,56.81012725830078,245.8232421875,110.48047065734863,0.5524023532867431,10937.679689542698,1396.80908203125,1,0,0,mul,none,split_diff,bipartite,mlp
wadibaro_(no mean)_normal_KL06_112117_8_0.0001_1_window_8,wadi,1,normal_KL,baro,128,0,0.0001,0.375,0.375,0.375,0.375,0.375,0,8,0,100,0,0,128,2,127,0,normal,gated,aerca_based,1.0,1.0,0.1,0.1,0.5,0.5,0.1,0,0,0,0,0,0,0,0,0,0,0,0,N/A,0.405010569716452,0.375,0.375,0.375,0.375,0.375,0.0,1.0,0,0,0,0,0,0,0,0,1,0,tinyMoM,mul,none,split_diff,bipartite,mlp
waditorai_(no mean)_normal_KL06_112126_8_0.0001_1_window_8,wadi,1,normal_KL,torai,128,0,0.0001,0.375,0.375,0.375,0.375,0.375,0,8,0,100,0,0,128,2,127,0,normal,gated,aerca_based,1.0,1.0,0.1,0.1,0.5,0.5,0.1,0,0,0,0,0,0,0,0,0,0,0,0,N/A,0.3996583799101502,0.375,0.375,0.375,0.375,0.375,0.0,1.0,0,0,0,0,0,0,0,0,1,0,tinyMoM,mul,none,split_diff,bipartite,mlp
wadircd_(no mean)_normal_KL06_112139_8_0.0001_1_window_8,wadi,1,normal_KL,rcd,128,0,0.0001,0.0,0.0,0.0,0.0,0.0,0,8,0,100,0,0,128,2,127,0,normal,gated,aerca_based,1.0,1.0,0.1,0.1,0.5,0.5,0.1,0,0,0,0,0,0,0,0,0,0,0,0,N/A,0.2662909588620151,0.25,0.25,0.25,0.25,0.0,0.0,1.0,0,0,0,0,0,0,0,0,1,0,tinyMoM,mul,none,split_diff,bipartite,mlp
wadicLSTM_(no mean)_normal_KL06_112159_8_0.0001_1_window_8,wadi,1,normal_KL,cLSTM,128,0,0.0001,0.125,0.375,0.5,0.5,0.4125,16727551,8,0,200,0,0,128,2,127,0,normal,gated,aerca_based,1.0,1.0,0.5,0.5,0.5,0.5,0.01,0,0,0,0,0,0,0,0,0,0,0,0,N/A,0.09353845704948646,0.0,0.125,0.125,0.25,0.4125,0.14842927608797396,1.0,0.19299212098121643,5.181558681855868,64.18314361572266,304.26513671875,511.3230969905853,2.8406838721699184,2126.952618414624,1758.0791015625,1,0,0,mul,none,split_diff,bipartite,mlp
wadivlinear_(no mean)_normal_KL06_121828_4_0.0001_1_window_4,wadi,1,normal_KL,vlinear,128,0,0.0001,0.25,0.25,0.25,0.25,0.25,67712,4,0,200,0,0,128,2,127,0,normal,gated,aerca_based,1.0,1.0,0.5,0.5,0.5,0.5,0.01,0,0,0,0,0,0,0,0,0,0,0,0,N/A,0.1618555726853141,0.125,0.125,0.125,0.125,0.25,0.0,1.0,0.3914392292499542,2.554674966829776,0.6309623718261719,19.40966796875,244.55524492263794,1.2227762246131897,9883.247446868654,1197.96875,1,0,0,mul,none,split_diff,bipartite,mlp
wadivlinear_(no mean)_normal_KL06_122358_8_0.0001_1_window_8,wadi,1,normal_KL,vlinear,128,0,0.0001,0.375,0.375,0.375,0.5,0.4125,69248,8,0,200,0,0,128,2,127,0,normal,gated,aerca_based,1.0,1.0,0.5,0.5,0.5,0.5,0.01,0,0,0,0,0,0,0,0,0,0,0,0,N/A,0.16533780388197383,0.125,0.125,0.125,0.25,0.4125,0.057282196186948006,1.0,0.21067354083061218,4.746680556359139,0.6370048522949219,20.4287109375,223.3483157157898,1.116741578578949,5410.383311498467,2333.51171875,1,0,0,mul,none,split_diff,bipartite,mlp
wadivlinear_(no mean)_normal_KL06_125929_4_0.0001_1_window_4,wadi,1,normal_KL,vlinear,128,0,0.0001,0.25,0.25,0.25,0.25,0.25,67712,4,0,200,0,0,128,2,127,0,normal,gated,aerca_based,1.0,1.0,0.5,0.5,0.5,0.5,0.01,0,0,0,0,0,0,0,0,0,0,0,0,N/A,0.1618555726853141,0.125,0.125,0.125,0.125,0.25,0.0,1.0,0.21468430757522583,4.658002307176541,0.6309623718261719,19.40966796875,246.01258945465088,1.2300629472732545,9824.700456825773,1197.96875,1,0,0,mul,none,split_diff,bipartite,mlp
