scheme,dataset_name,seed,correlated_KL,architecture,attention_dim,num_attention_heads,lr,AC@1,AC@3,AC@5,AC@10,Avg@10,total_params,window_size,early_stopping,num_epochs,AMOC_Loss,mean_std_recon_loss,outer_hidden_dim,outer_heads_num,num_vars,alpha_lv,time_freq_representation,combine_method,main_model,encoder_alpha,decoder_alpha,encoder_gamma (smooth),decoder_gamma,encoder_lambda (sparse),decoder_lambda,beta,AC@1_metric,AC@3_metric,AC@5_metric,AC@10_metric,AC@1_node,AC@3_node,AC@5_node,AC@10_node,AC@1_service,AC@3_service,AC@5_service,AC@10_service,RCA_coverage,mrr,hr@1,hr@3,hr@5,hr@10,auc@10,std_ac,coverage,avg_time,throughput,model_mem_mb,peak_mem_mb,train_total_time,train_avg_epoch_time,train_throughput,train_peak_mem_mb
smdvlinear_(no mean)_normal_KL12_012912_4_0.0001_1_window_4,smd,1,normal_KL,vlinear,16,2,0.0001,0.48923076923076925,0.4707692307692309,0.47948717948717945,0.524606837606838,0.4923859584859585,49542,4,0,200,0,0,16,2,38,0,mag_phase,attention,aerca_based,1.0,1.0,0.5,0.5,0.5,0.5,0.01,0,0,0,0,0,0,0,0,0,0,0,0,N/A,0.6180453901570376,0.48923076923076925,0.6892307692307692,0.7692307692307693,0.8461538461538461,0.4923859584859585,0.01663382958875364,1.0,0.07228148240309495,13.834802037169922,0.393157958984375,18.45849609375,826.7566950321198,4.133783475160599,34273.68676935738,212.59912109375
smdGVAR_(no mean)_normal_KL12_015220_4_0.0001_1_window_4,smd,1,normal_KL,GVAR,128,2,0.0001,0.2246153846153846,0.22512820512820506,0.23687179487179497,0.2781318681318682,0.24542393162393164,623340,4,0,200,0,0,128,2,38,0,mag_phase,attention,aerca_based,1.0,1.0,0.5,0.5,0.5,0.5,0.01,0,0,0,0,0,0,0,0,0,0,0,0,N/A,0.3413913033943732,0.2246153846153846,0.3569230769230769,0.4338461538461538,0.556923076923077,0.24542393162393164,0.019309349925798323,1.0,0.08087621762202336,12.364574276625055,2.5819625854492188,26.9921875,338.1578254699707,2.841662398907317,49858.13939561545,78.05517578125
smdcLSTM_(no mean)_normal_KL12_020445_4_0.0001_1_window_4,smd,1,normal_KL,cLSTM,128,2,0.0001,0.39692307692307693,0.3343589743589741,0.34794871794871796,0.44106349206349216,0.3786992673992674,3273510,4,0,200,0,0,128,2,38,0,mag_phase,attention,aerca_based,1.0,1.0,0.5,0.5,0.5,0.5,0.01,0,0,0,0,0,0,0,0,0,0,0,0,N/A,0.5157442202478809,0.39692307692307693,0.5661538461538461,0.6215384615384615,0.7476923076923077,0.3786992673992674,0.03726796915982129,1.0,0.07101772455068735,14.080991841498271,12.691558837890625,70.2177734375,2490.157071828842,20.411123539580675,6941.313138654918,282.82568359375
smdtorai_(no mean)_normal_KL12_031801_4_0.0001_1_window_4,smd,1,normal_KL,torai,256,2,0.0001,0.48923076923076925,0.4323076923076923,0.4744615384615387,0.5915152625152624,0.5043857142857142,0,4,0,100,0,0,128,2,38,0,normal,gated,aerca_based,1.0,1.0,0.5,0.5,0.5,0.5,0.01,0,0,0,0,0,0,0,0,0,0,0,0,N/A,0.6083254290544735,0.48923076923076925,0.6615384615384615,0.7384615384615385,0.8553846153846154,0.5043857142857142,0.051238807211664066,1.0,0,0,0,0,0,0,0,0
smdbaro_(no mean)_normal_KL12_031913_4_0.0001_1_window_4,smd,1,normal_KL,baro,256,2,0.0001,0.52,0.46307692307692316,0.5182051282051281,0.6216007326007328,0.5369553113553114,0,4,0,100,0,0,128,2,38,0,normal,gated,aerca_based,1.0,1.0,0.5,0.5,0.5,0.5,0.01,0,0,0,0,0,0,0,0,0,0,0,0,N/A,0.6327201623610159,0.52,0.6923076923076923,0.76,0.8523076923076923,0.5369553113553114,0.05171370742972196,1.0,0,0,0,0,0,0,0,0
smdrcd_(no mean)_normal_KL12_031954_4_0.0001_1_window_4,smd,1,normal_KL,rcd,256,2,0.0001,0.003076923076923077,0.14820512820512832,0.2273333333333336,0.6202869352869352,0.30643833943833954,0,4,0,100,0,0,128,2,38,0,normal,gated,aerca_based,1.0,1.0,0.5,0.5,0.5,0.5,0.01,0,0,0,0,0,0,0,0,0,0,0,0,N/A,0.4103020798189384,0.3630769230769231,0.40307692307692305,0.4153846153846154,0.4584615384615385,0.30643833943833954,0.1901942618272424,1.0,0,0,0,0,0,0,0,0
smdCUTS_PLUS_(no mean)_normal_KL12_032133_4_0.0001_1_window_4,smd,1,normal_KL,CUTS_PLUS,16,2,0.0001,0.4338461538461538,0.41538461538461546,0.42446153846153833,0.4673833943833946,0.43684798534798536,79014,4,0,200,0,0,16,2,38,0,mag_phase,attention,aerca_based,1.0,1.0,0.5,0.5,0.5,0.5,0.01,0,0,0,0,0,0,0,0,0,0,0,0,N/A,0.5482385519377408,0.4338461538461538,0.6123076923076923,0.6584615384615384,0.7353846153846154,0.43684798534798536,0.015557183103854738,1.0,0.06466623379633978,15.46402103993571,0.505523681640625,17.9130859375,4278.704957008362,21.39352478504181,6622.564604176941,417.83447265625
smdvlinear_(no mean)_normal_KL12_051547_6_0.0001_1_window_6,smd,1,normal_KL,vlinear,16,2,0.0001,0.39076923076923076,0.38974358974358947,0.40435897435897444,0.45554578754578773,0.41402905982905985,50314,6,0,200,0,0,16,2,38,0,mag_phase,attention,aerca_based,1.0,1.0,0.5,0.5,0.5,0.5,0.01,0,0,0,0,0,0,0,0,0,0,0,0,N/A,0.5314908657086842,0.39076923076923076,0.6184615384615385,0.683076923076923,0.7938461538461539,0.41402905982905985,0.023084399134000434,1.0,0.06993679046630859,14.29862584960545,0.39617919921875,18.5693359375,672.6749432086945,3.3633747160434724,28082.806102291925,320.10693359375
smdGVAR_(no mean)_normal_KL12_053346_6_0.0001_1_window_6,smd,1,normal_KL,GVAR,128,2,0.0001,0.2,0.20666666666666664,0.22297435897435888,0.29518315018315006,0.23626642246642243,1038900,6,0,200,0,0,128,2,38,0,mag_phase,attention,aerca_based,1.0,1.0,0.5,0.5,0.5,0.5,0.01,0,0,0,0,0,0,0,0,0,0,0,0,N/A,0.3264248922180595,0.2,0.3476923076923077,0.4246153846153846,0.5846153846153846,0.23626642246642243,0.03326956072158098,1.0,0.0693047362107497,14.42902829842807,4.167198181152344,33.34814453125,265.5621819496155,2.481889550930986,38056.89095413999,111.46142578125
smdcLSTM_(no mean)_normal_KL12_054345_6_0.0001_1_window_6,smd,1,normal_KL,cLSTM,128,2,0.0001,0.37846153846153846,0.28717948717948677,0.28717948717948727,0.3429255189255189,0.3156141636141635,3273510,6,0,200,0,0,128,2,38,0,mag_phase,attention,aerca_based,1.0,1.0,0.5,0.5,0.5,0.5,0.01,0,0,0,0,0,0,0,0,0,0,0,0,N/A,0.46791815415953203,0.37846153846153846,0.47384615384615386,0.5353846153846153,0.6307692307692307,0.3156141636141635,0.02776942044977781,1.0,0.0662863540649414,15.086061288274959,12.691558837890625,69.61669921875,1799.5053761005402,14.169333670082993,6666.015650363802,409.92822265625
smdtorai_(no mean)_normal_KL12_063646_6_0.0001_1_window_6,smd,1,normal_KL,torai,256,2,0.0001,0.31076923076923074,0.2846153846153846,0.31461538461538463,0.39371794871794885,0.3289575091575091,0,6,0,100,0,0,128,2,38,0,normal,gated,aerca_based,1.0,1.0,0.5,0.5,0.5,0.5,0.01,0,0,0,0,0,0,0,0,0,0,0,0,N/A,0.4232168312470727,0.31076923076923074,0.4430769230769231,0.5446153846153846,0.6307692307692307,0.3289575091575091,0.03782561819571127,1.0,0,0,0,0,0,0,0,0
smdbaro_(no mean)_normal_KL12_063919_6_0.0001_1_window_6,smd,1,normal_KL,baro,256,2,0.0001,0.31384615384615383,0.3194871794871795,0.34225641025641024,0.43744322344322356,0.3611345543345543,0,6,0,100,0,0,128,2,38,0,normal,gated,aerca_based,1.0,1.0,0.5,0.5,0.5,0.5,0.01,0,0,0,0,0,0,0,0,0,0,0,0,N/A,0.437954297223541,0.31384615384615383,0.47384615384615386,0.5538461538461539,0.7046153846153846,0.3611345543345543,0.04302601900421236,1.0,0,0,0,0,0,0,0,0
smdrcd_(no mean)_normal_KL12_064002_6_0.0001_1_window_6,smd,1,normal_KL,rcd,256,2,0.0001,0.003076923076923077,0.14820512820512832,0.2273333333333336,0.6202869352869352,0.30643833943833954,0,6,0,100,0,0,128,2,38,0,normal,gated,aerca_based,1.0,1.0,0.5,0.5,0.5,0.5,0.01,0,0,0,0,0,0,0,0,0,0,0,0,N/A,0.4103020798189384,0.3630769230769231,0.40307692307692305,0.4153846153846154,0.4584615384615385,0.30643833943833954,0.1901942618272424,1.0,0,0,0,0,0,0,0,0
smdCUTS_PLUS_(no mean)_normal_KL12_064149_6_0.0001_1_window_6,smd,1,normal_KL,CUTS_PLUS,16,2,0.0001,0.38153846153846155,0.3702564102564105,0.3673846153846154,0.41943589743589726,0.385178021978022,79014,6,0,200,0,0,16,2,38,0,mag_phase,attention,aerca_based,1.0,1.0,0.5,0.5,0.5,0.5,0.01,0,0,0,0,0,0,0,0,0,0,0,0,N/A,0.4894650074272585,0.38153846153846155,0.5323076923076923,0.5815384615384616,0.68,0.385178021978022,0.018139615631216997,1.0,0.08210513555086577,12.17950610873153,0.505523681640625,17.91455078125,4579.667961597443,22.898339807987213,4124.884196497673,629.54541015625
smdvlinear_(no mean)_normal_KL12_084435_10_0.0001_1_window_10,smd,1,normal_KL,vlinear,16,2,0.0001,0.25846153846153846,0.26820512820512815,0.2674871794871795,0.28948595848595854,0.27331062271062273,51858,10,0,200,0,0,16,2,38,0,mag_phase,attention,aerca_based,1.0,1.0,0.5,0.5,0.5,0.5,0.01,0,0,0,0,0,0,0,0,0,0,0,0,N/A,0.37356377235399185,0.25846153846153846,0.4153846153846154,0.48307692307692307,0.5507692307692308,0.27331062271062273,0.008523208642699688,1.0,0.091765990624061,10.89728333121487,0.402313232421875,18.78857421875,563.43123960495,2.8171561980247497,20116.740434817068,560.00537109375
smdGVAR_(no mean)_normal_KL12_085955_10_0.0001_1_window_10,smd,1,normal_KL,GVAR,128,2,0.0001,0.17846153846153845,0.18564102564102564,0.2061538461538462,0.2738376068376068,0.218576800976801,1870020,10,0,200,0,0,128,2,38,0,mag_phase,attention,aerca_based,1.0,1.0,0.5,0.5,0.5,0.5,0.01,0,0,0,0,0,0,0,0,0,0,0,0,N/A,0.30130160610258927,0.17846153846153845,0.30153846153846153,0.39384615384615385,0.563076923076923,0.218576800976801,0.03152608421837535,1.0,0.08496005645165076,11.770237000361245,7.337669372558594,46.06005859375,236.11521816253662,2.1465019832957877,26402.025453982824,183.03955078125
smdcLSTM_(no mean)_normal_KL12_090844_10_0.0001_1_window_10,smd,1,normal_KL,cLSTM,128,2,0.0001,0.21846153846153846,0.21384615384615377,0.2543589743589745,0.3194749694749694,0.2596426129426129,3273510,10,0,200,0,0,128,2,38,0,mag_phase,attention,aerca_based,1.0,1.0,0.5,0.5,0.5,0.5,0.01,0,0,0,0,0,0,0,0,0,0,0,0,N/A,0.33487143966175215,0.21846153846153846,0.36,0.46153846153846156,0.5876923076923077,0.2596426129426129,0.03887541642394186,1.0,0.06535624724168043,15.30075612056039,12.691558837890625,69.6611328125,612.6319663524628,8.878724150035692,6382.899056478985,667.78515625
smdtorai_(no mean)_normal_KL12_093310_10_0.0001_1_window_10,smd,1,normal_KL,torai,256,2,0.0001,0.27076923076923076,0.25641025641025644,0.2725128205128205,0.32211965811965815,0.28314432234432235,0,10,0,100,0,0,128,2,38,0,normal,gated,aerca_based,1.0,1.0,0.5,0.5,0.5,0.5,0.01,0,0,0,0,0,0,0,0,0,0,0,0,N/A,0.37102917779406547,0.27076923076923076,0.38769230769230767,0.4553846153846154,0.5384615384615384,0.28314432234432235,0.02140318040963742,1.0,0,0,0,0,0,0,0,0
smdbaro_(no mean)_normal_KL12_093554_10_0.0001_1_window_10,smd,1,normal_KL,baro,256,2,0.0001,0.31384615384615383,0.3097435897435897,0.32769230769230784,0.40601343101343085,0.34053003663003667,0,10,0,100,0,0,128,2,38,0,normal,gated,aerca_based,1.0,1.0,0.5,0.5,0.5,0.5,0.01,0,0,0,0,0,0,0,0,0,0,0,0,N/A,0.43211851585601485,0.31384615384615383,0.47384615384615386,0.5292307692307693,0.6707692307692308,0.34053003663003667,0.03251024184311177,1.0,0,0,0,0,0,0,0,0
smdrcd_(no mean)_normal_KL12_093636_10_0.0001_1_window_10,smd,1,normal_KL,rcd,256,2,0.0001,0.003076923076923077,0.14820512820512832,0.2273333333333336,0.6202869352869352,0.30643833943833954,0,10,0,100,0,0,128,2,38,0,normal,gated,aerca_based,1.0,1.0,0.5,0.5,0.5,0.5,0.01,0,0,0,0,0,0,0,0,0,0,0,0,N/A,0.4103020798189384,0.3630769230769231,0.40307692307692305,0.4153846153846154,0.4584615384615385,0.30643833943833954,0.1901942618272424,1.0,0,0,0,0,0,0,0,0
smdCUTS_PLUS_(no mean)_normal_KL12_093824_10_0.0001_1_window_10,smd,1,normal_KL,CUTS_PLUS,16,2,0.0001,0.3261538461538461,0.3138461538461536,0.31292307692307686,0.3826507936507935,0.3335831501831501,79014,10,0,200,0,0,16,2,38,0,mag_phase,attention,aerca_based,1.0,1.0,0.5,0.5,0.5,0.5,0.01,0,0,0,0,0,0,0,0,0,0,0,0,N/A,0.44729252700480276,0.3261538461538461,0.49538461538461537,0.5323076923076923,0.676923076923077,0.3335831501831501,0.02258453088975753,1.0,0.06364910125732422,15.711140931230796,0.505523681640625,17.91748046875,4763.277074575424,23.81638537287712,2379.5382511965868,1053.4453125
smdvlinear_(no mean)_normal_KL12_114456_20_0.0001_1_window_20,smd,1,normal_KL,vlinear,16,2,0.0001,0.40615384615384614,0.31846153846153846,0.32492307692307676,0.36440415140415144,0.34697448107448103,55718,20,0,200,0,0,16,2,38,0,mag_phase,attention,aerca_based,1.0,1.0,0.5,0.5,0.5,0.5,0.01,0,0,0,0,0,0,0,0,0,0,0,0,N/A,0.5085279723148123,0.40615384615384614,0.5292307692307693,0.6215384615384615,0.7384615384615385,0.34697448107448103,0.024394212582259895,1.0,0.08592295059790978,11.638334031144488,0.418182373046875,19.34033203125,482.04704189300537,2.410235209465027,11756.528943201949,1156.9755859375
smdGVAR_(no mean)_normal_KL12_115711_20_0.0001_1_window_20,smd,1,normal_KL,GVAR,128,2,0.0001,0.15076923076923077,0.16153846153846163,0.17123076923076921,0.22872771672771675,0.1823851037851038,3947820,20,0,200,0,0,128,2,38,0,mag_phase,attention,aerca_based,1.0,1.0,0.5,0.5,0.5,0.5,0.01,0,0,0,0,0,0,0,0,0,0,0,0,N/A,0.28623644736540454,0.15076923076923077,0.29846153846153844,0.36923076923076925,0.5446153846153846,0.1823851037851038,0.023465230819277396,1.0,0.08023832174447866,12.462872830074014,15.263847351074219,77.84033203125,370.72435760498047,2.1553741721219795,13146.673262815908,353.95751953125
smdcLSTM_(no mean)_normal_KL12_120902_20_0.0001_1_window_20,smd,1,normal_KL,cLSTM,128,2,0.0001,0.20307692307692307,0.19487179487179493,0.2314871794871797,0.2734004884004884,0.229915750915751,3273510,20,0,200,0,0,128,2,38,0,mag_phase,attention,aerca_based,1.0,1.0,0.5,0.5,0.5,0.5,0.01,0,0,0,0,0,0,0,0,0,0,0,0,N/A,0.32155766134556435,0.20307692307692307,0.36,0.4492307692307692,0.5446153846153846,0.229915750915751,0.026449831015465386,1.0,0.07915972416217511,12.632686768226892,12.691558837890625,69.77294921875,446.76511812210083,5.878488396343432,4820.28679645361,1291.35986328125
smdtorai_(no mean)_normal_KL12_122657_20_0.0001_1_window_20,smd,1,normal_KL,torai,256,2,0.0001,0.25846153846153846,0.2641025641025641,0.27815384615384603,0.32778266178266185,0.28650341880341884,0,20,0,100,0,0,128,2,38,0,normal,gated,aerca_based,1.0,1.0,0.5,0.5,0.5,0.5,0.01,0,0,0,0,0,0,0,0,0,0,0,0,N/A,0.35520019192166574,0.25846153846153846,0.37846153846153846,0.4307692307692308,0.5107692307692308,0.28650341880341884,0.02311870930485947,1.0,0,0,0,0,0,0,0,0
smdbaro_(no mean)_normal_KL12_123020_20_0.0001_1_window_20,smd,1,normal_KL,baro,256,2,0.0001,0.3323076923076923,0.3364102564102563,0.3694358974358974,0.47009279609279603,0.38585567765567763,0,20,0,100,0,0,128,2,38,0,normal,gated,aerca_based,1.0,1.0,0.5,0.5,0.5,0.5,0.01,0,0,0,0,0,0,0,0,0,0,0,0,N/A,0.4653641741270318,0.3323076923076923,0.5230769230769231,0.6092307692307692,0.7446153846153846,0.38585567765567763,0.049903292504711906,1.0,0,0,0,0,0,0,0,0
smdrcd_(no mean)_normal_KL12_123104_20_0.0001_1_window_20,smd,1,normal_KL,rcd,256,2,0.0001,0.003076923076923077,0.14820512820512832,0.2273333333333336,0.6202869352869352,0.30643833943833954,0,20,0,100,0,0,128,2,38,0,normal,gated,aerca_based,1.0,1.0,0.5,0.5,0.5,0.5,0.01,0,0,0,0,0,0,0,0,0,0,0,0,N/A,0.4103020798189384,0.3630769230769231,0.40307692307692305,0.4153846153846154,0.4584615384615385,0.30643833943833954,0.1901942618272424,1.0,0,0,0,0,0,0,0,0
smdCUTS_PLUS_(no mean)_normal_KL12_123324_20_0.0001_1_window_20,smd,1,normal_KL,CUTS_PLUS,16,2,0.0001,0.3292307692307692,0.3107692307692307,0.31276923076923085,0.37604029304029324,0.3308862026862027,79014,20,0,200,0,0,16,2,38,0,mag_phase,attention,aerca_based,1.0,1.0,0.5,0.5,0.5,0.5,0.01,0,0,0,0,0,0,0,0,0,0,0,0,N/A,0.4497966919027873,0.3292307692307692,0.48615384615384616,0.5476923076923077,0.68,0.3308862026862027,0.0221945045564519,1.0,0.08011030710660494,12.48278824682663,0.505523681640625,17.92529296875,5061.6952250003815,25.308476125001906,1119.6248980003677,2199.96875
