scheme,dataset_name,seed,correlated_KL,architecture,hidden_layer_size,num_attention_heads,lr,AC@1,AC@3,AC@5,AC@10,Avg@10,total_params,window_size,early_stopping,num_epochs,AMOC_Loss,mean_std_recon_loss,outer_hidden_dim,outer_heads_num,num_vars,alpha_lv,time_freq_representation,combine_method,main_model,encoder_alpha,decoder_alpha,encoder_gamma (smooth),decoder_gamma,encoder_lambda (sparse),decoder_lambda,beta,AC@1_metric,AC@3_metric,AC@5_metric,AC@10_metric,AC@1_node,AC@3_node,AC@5_node,AC@10_node,AC@1_service,AC@3_service,AC@5_service,AC@10_service,RCA_coverage,mrr,hr@1,hr@3,hr@5,hr@10,auc@10,std_ac,coverage,avg_time,throughput,model_mem_mb,peak_mem_mb,train_total_time,train_avg_epoch_time,train_throughput,train_peak_mem_mb,temporal_mixer,disable_orth_proj
aiopsvlinear_(no mean)_normal_KL16_123615_8_0.0001_1_window_8,aiops,1,normal_KL,vlinear,256,0,0.0001,0.3507853403141361,0.4101221640488656,0.4513089005235604,0.5109802210587554,0.4458455912906176,160526,8,0,200,0,0,0,0,30,0,normal,gated,aerca_based,1.0,1.0,0.2,0.2,0.5,0.5,0.01,0,0,0,0,0,0,0,0,0,0,0,0,N/A,0.8534031413612565,0.7068062827225131,1.0,1.0,1.0,0.4458455912906176,0.05585882489463728,0.13337988826815642,0.05018425986404818,19.926566670686245,1.3742523193359375,20.8759765625,18.327171325683594,0.21310664332190224,21590.129375038247,562.59326171875,0,0
aiopsGVAR_(no mean)_normal_KL16_123714_8_0.0001_1_window_8,aiops,1,normal_KL,GVAR,256,0,0.0001,0.2617801047120419,0.30715532286212915,0.34136125654450256,0.3847585805700992,0.33145848915482434,2135196,8,0,200,0,0,0,0,30,0,normal,gated,aerca_based,1.0,1.0,0.2,0.2,0.5,0.5,0.01,0,0,0,0,0,0,0,0,0,0,0,0,N/A,0.7543138326762734,0.6963350785340314,0.774869109947644,0.8010471204188482,0.8848167539267016,0.33145848915482434,0.04158338380930584,0.13337988826815642,0.05342196045121597,18.718893719993353,8.906776428222656,50.6396484375,29.00732398033142,0.14503661990165712,31723.022800170973,116.67822265625,0,0
aiopstorai_(no mean)_normal_KL16_123949_8_0.0001_1_window_8,aiops,1,normal_KL,torai,128,0,0.0001,0.25654450261780104,0.31937172774869077,0.3528795811518327,0.37060791157649775,0.3356372060167871,0,8,0,100,0,0,0,0,30,0,normal,gated,aerca_based,1.0,1.0,0.1,0.1,0.5,0.5,0.1,0,0,0,0,0,0,0,0,0,0,0,0,N/A,0.41858595758216627,0.25654450261780104,0.5287958115183246,0.5287958115183246,0.7068062827225131,0.3356372060167871,0.03153630774853908,0.13337988826815642,0,0,0,0,0,0,0,0,0,0
aiopsbaro_(no mean)_normal_KL16_124547_8_0.0001_1_window_8,aiops,1,normal_KL,baro,128,0,0.0001,0.28272251308900526,0.3647469458987783,0.3968586387434554,0.4423938336242004,0.38235456660849343,0,8,0,100,0,0,0,0,30,0,normal,gated,aerca_based,1.0,1.0,0.1,0.1,0.5,0.5,0.1,0,0,0,0,0,0,0,0,0,0,0,0,N/A,0.3679003430222062,0.193717277486911,0.45549738219895286,0.8167539267015707,0.8167539267015707,0.38235456660849343,0.05554753902747024,0.13337988826815642,0,0,0,0,0,0,0,0,0,0
aiopsrcd_(no mean)_normal_KL16_124641_8_0.0001_1_window_8,aiops,1,normal_KL,rcd,128,0,0.0001,0.17801047120418848,0.2617801047120419,0.2931937172774868,0.341753926701571,0.27939790575916235,0,8,0,100,0,0,0,0,30,0,normal,gated,aerca_based,1.0,1.0,0.1,0.1,0.5,0.5,0.1,0,0,0,0,0,0,0,0,0,0,0,0,N/A,0.2888427513991695,0.08900523560209424,0.35602094240837695,0.837696335078534,0.837696335078534,0.27939790575916235,0.05671326591808426,0.13337988826815642,0,0,0,0,0,0,0,0,0,0
aiopscLSTM_(no mean)_normal_KL16_125038_8_0.0001_1_window_8,aiops,1,normal_KL,cLSTM,256,0,0.0001,0.23036649214659685,0.30017452006980794,0.3319371727748692,0.3650668993600933,0.3157570846837863,8855070,8,0,200,0,0,0,0,30,0,normal,gated,aerca_based,1.0,1.0,0.2,0.2,0.5,0.5,0.01,0,0,0,0,0,0,0,0,0,0,0,0,N/A,0.9042346781644593,0.8481675392670157,0.9424083769633508,0.9947643979057592,0.9947643979057592,0.3157570846837863,0.04560032079708044,0.13337988826815642,0.04691347651456663,21.315836605916427,34.54106140136719,161.12158203125,97.16074800491333,0.48580374002456667,9470.902796605336,847.42724609375,0,0
aiopsCUTS_PLUS_(no mean)_normal_KL16_125452_8_0.0001_1_window_8,aiops,1,normal_KL,CUTS_PLUS,256,0,0.0001,0.2617801047120419,0.3263525305410122,0.35811518324607333,0.3977748691099479,0.3426389927698829,243998,8,0,200,0,0,0,0,30,0,normal,gated,aerca_based,1.0,1.0,0.2,0.2,0.5,0.5,0.01,0,0,0,0,0,0,0,0,0,0,0,0,N/A,0.7287378134760333,0.6858638743455497,0.7120418848167539,0.7172774869109948,0.9267015706806283,0.3426389927698829,0.04454450106610971,0.13337988826815642,0.05087118498317858,19.65749373305668,1.6924285888671875,20.994140625,345.0894420146942,1.725447210073471,2666.5550665001715,1418.4775390625,0,0
aiopsvlinear_(no mean)_normal_KL16_130625_12_0.0001_1_window_12,aiops,1,normal_KL,vlinear,256,0,0.0001,0.3700440528634361,0.42951541850220276,0.4700440528634367,0.5284752814488498,0.46570397175022754,163606,12,0,200,0,0,0,0,30,0,normal,gated,aerca_based,1.0,1.0,0.2,0.2,0.5,0.5,0.01,0,0,0,0,0,0,0,0,0,0,0,0,N/A,0.7929515418502202,0.5859030837004405,1.0,1.0,1.0,0.46570397175022754,0.054409021338538914,0.15896358543417366,0.04938673868053285,20.248350604170945,1.3863067626953125,21.0712890625,22.033013343811035,0.25325302694035673,18155.75535483281,870.8037109375,0,0
aiopsGVAR_(no mean)_normal_KL16_130727_12_0.0001_1_window_12,aiops,1,normal_KL,GVAR,256,0,0.0001,0.2687224669603524,0.31718061674008824,0.3422907488986786,0.37723935389133634,0.3340037409971332,3355308,12,0,200,0,0,0,0,30,0,normal,gated,aerca_based,1.0,1.0,0.2,0.2,0.5,0.5,0.01,0,0,0,0,0,0,0,0,0,0,0,0,N/A,0.580830397594724,0.5374449339207048,0.5726872246696035,0.5770925110132159,0.6255506607929515,0.3340037409971332,0.0355409570288057,0.15896358543417366,0.04867934655513007,20.54259292218488,13.561134338378906,69.28125,36.95901679992676,0.1847950839996338,24881.614275026448,172.56884765625,0,0
aiopstorai_(no mean)_normal_KL16_130953_12_0.0001_1_window_12,aiops,1,normal_KL,torai,128,0,0.0001,0.2775330396475771,0.35389133627019104,0.3876651982378861,0.4073788546255505,0.36867124676596047,0,12,0,100,0,0,0,0,30,0,normal,gated,aerca_based,1.0,1.0,0.1,0.1,0.5,0.5,0.1,0,0,0,0,0,0,0,0,0,0,0,0,N/A,0.4453125293866598,0.2775330396475771,0.5770925110132159,0.5770925110132159,0.762114537444934,0.36867124676596047,0.036696825673271684,0.15896358543417366,0,0,0,0,0,0,0,0,0,0
aiopsbaro_(no mean)_normal_KL16_131606_12_0.0001_1_window_12,aiops,1,normal_KL,baro,128,0,0.0001,0.31718061674008813,0.38472834067547734,0.4193832599118947,0.4692486539402839,0.4100015733165514,0,12,0,100,0,0,0,0,30,0,normal,gated,aerca_based,1.0,1.0,0.1,0.1,0.5,0.5,0.1,0,0,0,0,0,0,0,0,0,0,0,0,N/A,0.39400982328219153,0.22466960352422907,0.4581497797356828,0.8370044052863436,0.8370044052863436,0.4100015733165514,0.052982396468798,0.15896358543417366,0,0,0,0,0,0,0,0,0,0
aiopsrcd_(no mean)_normal_KL16_131704_12_0.0001_1_window_12,aiops,1,normal_KL,rcd,128,0,0.0001,0.18502202643171806,0.26725403817914833,0.29603524229074873,0.34247430249632915,0.2827630934899658,0,12,0,100,0,0,0,0,30,0,normal,gated,aerca_based,1.0,1.0,0.1,0.1,0.5,0.5,0.1,0,0,0,0,0,0,0,0,0,0,0,0,N/A,0.2947440376727936,0.09251101321585903,0.3700440528634361,0.8458149779735683,0.8458149779735683,0.2827630934899658,0.05462189788786041,0.15896358543417366,0,0,0,0,0,0,0,0,0,0
aiopscLSTM_(no mean)_normal_KL16_132120_12_0.0001_1_window_12,aiops,1,normal_KL,cLSTM,256,0,0.0001,0.28193832599118945,0.3186490455212923,0.3422907488986784,0.400330396475771,0.33916317040766386,8855070,12,0,200,0,0,0,0,30,0,normal,gated,aerca_based,1.0,1.0,0.2,0.2,0.5,0.5,0.01,0,0,0,0,0,0,0,0,0,0,0,0,N/A,0.5851229917003418,0.5374449339207048,0.5770925110132159,0.5947136563876652,0.6916299559471366,0.33916317040766386,0.03614674299638282,0.15896358543417366,0.04827497814195272,20.714664998076167,34.54106140136719,162.41015625,134.36707377433777,0.6718353688716888,6843.938579360733,1215.09423828125,0,0
aiopsCUTS_PLUS_(no mean)_normal_KL16_132642_12_0.0001_1_window_12,aiops,1,normal_KL,CUTS_PLUS,256,0,0.0001,0.23348017621145375,0.3259911894273127,0.34889867841409705,0.39208272148800816,0.3395996783441718,243998,12,0,200,0,0,0,0,30,0,normal,gated,aerca_based,1.0,1.0,0.2,0.2,0.5,0.5,0.01,0,0,0,0,0,0,0,0,0,0,0,0,N/A,0.5944850309004317,0.5462555066079295,0.5814977973568282,0.5947136563876652,0.6123348017621145,0.3395996783441718,0.04911480485179434,0.15896358543417366,0.07904573474161425,12.650903976904173,1.6924285888671875,20.9970703125,537.2778043746948,2.6863890218734743,1711.5912708701355,2050.9072265625,0,0
aiopsvlinear_(no mean)_normal_KL16_134307_16_0.0001_1_window_16,aiops,1,normal_KL,vlinear,256,0,0.0001,0.3840304182509506,0.44296577946768084,0.48403041825095117,0.54350443599493,0.4808103989377755,166686,16,0,200,0,0,0,0,30,0,normal,gated,aerca_based,1.0,1.0,0.2,0.2,0.5,0.5,0.01,0,0,0,0,0,0,0,0,0,0,0,0,N/A,0.7414448669201521,0.4866920152091255,1.0,1.0,1.0,0.4808103989377755,0.05379916182663941,0.18469101123595505,0.04989530197114546,20.04196708897166,1.3984832763671875,21.26611328125,24.725388765335083,0.3211089450043517,14309.785110276913,1177.6865234375,0,0
aiopsGVAR_(no mean)_normal_KL16_134419_16_0.0001_1_window_16,aiops,1,normal_KL,GVAR,256,0,0.0001,0.27756653992395436,0.3326996197718632,0.34866920152091296,0.3698669201520914,0.3368733779950511,4575420,16,0,200,0,0,0,0,30,0,normal,gated,aerca_based,1.0,1.0,0.2,0.2,0.5,0.5,0.01,0,0,0,0,0,0,0,0,0,0,0,0,N/A,0.5278458132106114,0.4524714828897338,0.5247148288973384,0.5779467680608364,0.6768060836501901,0.3368733779950511,0.027440680738563553,0.18469101123595505,0.04975579174752471,20.09816274403369,18.215492248535156,87.9228515625,46.410271883010864,0.2320513594150543,19801.650856874487,223.50634765625,0,0
aiopstorai_(no mean)_normal_KL16_134642_16_0.0001_1_window_16,aiops,1,normal_KL,torai,128,0,0.0001,0.2813688212927757,0.36375158428390414,0.39847908745247207,0.42225390790029577,0.3798930231154567,0,16,0,100,0,0,0,0,30,0,normal,gated,aerca_based,1.0,1.0,0.1,0.1,0.5,0.5,0.1,0,0,0,0,0,0,0,0,0,0,0,0,N/A,0.45209693632271314,0.2813688212927757,0.5893536121673004,0.6007604562737643,0.7908745247148289,0.3798930231154567,0.040492705934920624,0.18469101123595505,0,0,0,0,0,0,0,0,0,0
aiopsbaro_(no mean)_normal_KL16_135305_16_0.0001_1_window_16,aiops,1,normal_KL,baro,128,0,0.0001,0.33079847908745247,0.39163498098859345,0.42661596958174947,0.4781896915927335,0.41975964149918543,0,16,0,100,0,0,0,0,30,0,normal,gated,aerca_based,1.0,1.0,0.1,0.1,0.5,0.5,0.1,0,0,0,0,0,0,0,0,0,0,0,0,N/A,0.4045430706699882,0.23574144486692014,0.4600760456273764,0.8479087452471483,0.8479087452471483,0.41975964149918543,0.05145890572060124,0.18469101123595505,0,0,0,0,0,0,0,0,0,0
aiopsrcd_(no mean)_normal_KL16_135404_16_0.0001_1_window_16,aiops,1,normal_KL,rcd,128,0,0.0001,0.19011406844106463,0.27122940430925185,0.2980988593155898,0.34299746514575385,0.28520701309674706,0,16,0,100,0,0,0,0,30,0,normal,gated,aerca_based,1.0,1.0,0.1,0.1,0.5,0.5,0.1,0,0,0,0,0,0,0,0,0,0,0,0,N/A,0.2990297626851973,0.09505703422053231,0.38022813688212925,0.8517110266159695,0.8517110266159695,0.28520701309674706,0.05310915285436695,0.18469101123595505,0,0,0,0,0,0,0,0,0,0
aiopscLSTM_(no mean)_normal_KL16_135829_16_0.0001_1_window_16,aiops,1,normal_KL,cLSTM,256,0,0.0001,0.24714828897338403,0.3231939163498096,0.3463878326996204,0.3910857625686528,0.3349308950449637,8855070,16,0,200,0,0,0,0,30,0,normal,gated,aerca_based,1.0,1.0,0.2,0.2,0.5,0.5,0.01,0,0,0,0,0,0,0,0,0,0,0,0,N/A,0.5025775354940094,0.44106463878326996,0.4790874524714829,0.49429657794676807,0.714828897338403,0.3349308950449637,0.043647668821950904,0.18469101123595505,0.04449526166734587,22.474303162349507,34.54106140136719,165.0625,166.60183000564575,0.8330091500282287,5516.145890887617,1587.1328125,0,0
aiopsCUTS_PLUS_(no mean)_normal_KL16_140414_16_0.0001_1_window_16,aiops,1,normal_KL,CUTS_PLUS,256,0,0.0001,0.24334600760456274,0.3219264892268698,0.35361216730038003,0.37799957752429264,0.3367777174241054,243998,16,0,200,0,0,0,0,30,0,normal,gated,aerca_based,1.0,1.0,0.2,0.2,0.5,0.5,0.01,0,0,0,0,0,0,0,0,0,0,0,0,N/A,0.4901616823455451,0.44106463878326996,0.4828897338403042,0.4828897338403042,0.4866920152091255,0.3367777174241054,0.042460778741653715,0.18469101123595505,0.050571840525579996,19.773850221927063,1.6924285888671875,21.0,737.4588360786438,3.687294180393219,1246.1712505699727,2685.8525390625,0,0
aiopsvlinear_(no mean)_normal_KL16_142558_20_0.0001_1_window_20,aiops,1,normal_KL,vlinear,256,0,0.0001,0.3612040133779264,0.423634336677815,0.4655518394648828,0.5243311036789301,0.46154204491161027,169766,20,0,200,0,0,0,0,30,0,normal,gated,aerca_based,1.0,1.0,0.2,0.2,0.5,0.5,0.01,0,0,0,0,0,0,0,0,0,0,0,0,N/A,0.6989966555183946,0.411371237458194,1.0,1.0,1.0,0.46154204491161027,0.053697756271103715,0.21056338028169014,0.048268925784822295,20.717262374097427,1.4107818603515625,21.4619140625,26.609821319580078,0.38564958434174024,11907.182547176912,1485.953125,0,0
aiopsGVAR_(no mean)_normal_KL16_142711_20_0.0001_1_window_20,aiops,1,normal_KL,GVAR,256,0,0.0001,0.26755852842809363,0.3049052396878483,0.3297658862876261,0.3727424749163881,0.3255436109783937,5795532,20,0,200,0,0,0,0,30,0,normal,gated,aerca_based,1.0,1.0,0.2,0.2,0.5,0.5,0.01,0,0,0,0,0,0,0,0,0,0,0,0,N/A,0.4474249122680801,0.3745819397993311,0.42474916387959866,0.4916387959866221,0.6086956521739131,0.3255436109783937,0.03306020979548258,0.21056338028169014,0.047673325873537606,20.976090542805565,22.869850158691406,106.564453125,54.47852849960327,0.27239264249801637,16858.017741919884,280.97119140625,0,0
aiopstorai_(no mean)_normal_KL16_142949_20_0.0001_1_window_20,aiops,1,normal_KL,torai,128,0,0.0001,0.27424749163879597,0.3556298773690083,0.3933110367892985,0.422064288368636,0.37685857620640245,0,20,0,100,0,0,0,0,30,0,normal,gated,aerca_based,1.0,1.0,0.1,0.1,0.5,0.5,0.1,0,0,0,0,0,0,0,0,0,0,0,0,N/A,0.446042830233235,0.27424749163879597,0.5719063545150501,0.6086956521739131,0.802675585284281,0.37685857620640245,0.04309328098455586,0.21056338028169014,0,0,0,0,0,0,0,0,0,0
aiopsbaro_(no mean)_normal_KL16_143620_20_0.0001_1_window_20,aiops,1,normal_KL,baro,128,0,0.0001,0.34782608695652173,0.4035674470457082,0.44013377926421365,0.4932274247491628,0.4345017784148218,0,20,0,100,0,0,0,0,30,0,normal,gated,aerca_based,1.0,1.0,0.1,0.1,0.5,0.5,0.1,0,0,0,0,0,0,0,0,0,0,0,0,N/A,0.4169991927113367,0.25418060200668896,0.46488294314381273,0.8461538461538461,0.8461538461538461,0.4345017784148218,0.05055449991262445,0.21056338028169014,0,0,0,0,0,0,0,0,0,0
aiopsrcd_(no mean)_normal_KL16_143717_20_0.0001_1_window_20,aiops,1,normal_KL,rcd,128,0,0.0001,0.1939799331103679,0.27424749163879575,0.29966555183946536,0.34339464882943116,0.2870624303233,0,20,0,100,0,0,0,0,30,0,normal,gated,aerca_based,1.0,1.0,0.1,0.1,0.5,0.5,0.1,0,0,0,0,0,0,0,0,0,0,0,0,N/A,0.3022834736477915,0.09698996655518395,0.3879598662207358,0.8561872909698997,0.8561872909698997,0.2870624303233,0.05196440990925581,0.21056338028169014,0,0,0,0,0,0,0,0,0,0
aiopscLSTM_(no mean)_normal_KL16_144203_20_0.0001_1_window_20,aiops,1,normal_KL,cLSTM,256,0,0.0001,0.24749163879598662,0.29208472686733583,0.3127090301003345,0.36806020066889655,0.3062438286351331,8855070,20,0,200,0,0,0,0,30,0,normal,gated,aerca_based,1.0,1.0,0.2,0.2,0.5,0.5,0.01,0,0,0,0,0,0,0,0,0,0,0,0,N/A,0.4338716184431036,0.3779264214046823,0.42474916387959866,0.47491638795986624,0.5250836120401338,0.3062438286351331,0.033372556002009085,0.21056338028169014,0.05855748645438,17.077235731063414,34.54106140136719,162.22802734375,199.2157392501831,0.9960786962509155,4610.07751424016,1951.28759765625,0,0
aiopsCUTS_PLUS_(no mean)_normal_KL16_144832_20_0.0001_1_window_20,aiops,1,normal_KL,CUTS_PLUS,256,0,0.0001,0.23745819397993312,0.28428093645484964,0.33846153846153926,0.36316425120772977,0.31849896480331286,243998,20,0,200,0,0,0,0,30,0,normal,gated,aerca_based,1.0,1.0,0.2,0.2,0.5,0.5,0.01,0,0,0,0,0,0,0,0,0,0,0,0,N/A,0.43677160842864615,0.391304347826087,0.411371237458194,0.41471571906354515,0.451505016722408,0.31849896480331286,0.0441428457400714,0.21056338028169014,0.04883892320868961,20.475471904386218,1.6924285888671875,21.0029296875,924.1861624717712,4.620930812358856,993.739180798492,3318.4619140625,0,0
gaiavlinear_(no mean)_normal_KL16_180904_8_0.0001_1_window_8,gaia,1,normal_KL,vlinear,256,0,0.0001,0.26285714285714284,0.28142857142857197,0.2799047619047623,0.32533333333333336,0.2947074829931974,175886,8,0,200,0,0,128,2,50,0,normal,gated,aerca_based,1.0,1.0,0.2,0.2,0.5,0.5,0.01,0,0,0,0,0,0,0,0,0,0,0,0,N/A,0.03201362192381467,0.0,0.0,0.0,0.12285714285714286,0.2947074829931974,0.020113082364172225,1.0,0.08185154369899204,12.217240565156432,1.45074462890625,21.45166015625,392.50304412841797,6.230207049657428,19221.19105280532,935.26611328125,0,0
gaiaGVAR_(no mean)_normal_KL16_182047_8_0.0001_1_window_8,gaia,1,normal_KL,GVAR,256,0,0.0001,0.1,0.2419047619047617,0.2695238095238095,0.4851428571428571,0.2732331065759637,5049436,8,0,200,0,0,128,2,50,0,normal,gated,aerca_based,1.0,1.0,0.2,0.2,0.5,0.5,0.01,0,0,0,0,0,0,0,0,0,0,0,0,N/A,0.03748585606562622,0.0,0.0,0.0,0.014285714285714285,0.2732331065759637,0.09261256369022318,1.0,0.07880528722490583,12.689503905316107,20.041114807128906,96.7724609375,774.2967617511749,3.8714838087558747,30931.809589172233,270.08837890625,0,0
gaiatorai_(no mean)_normal_KL16_184459_8_0.0001_1_window_8,gaia,1,normal_KL,torai,128,0,0.0001,0.21714285714285714,0.22095238095238065,0.35733333333333317,0.6112380952380936,0.4195878684807255,0,8,0,100,0,0,128,2,50,0,normal,gated,aerca_based,1.0,1.0,0.2,0.2,0.5,0.5,0.01,0,0,0,0,0,0,0,0,0,0,0,0,N/A,0.3819149187523048,0.21714285714285714,0.38571428571428573,0.5542857142857143,0.82,0.4195878684807255,0.1795692002881527,1.0,0,0,0,0,0,0,0,0,0,0
gaiabaro_(no mean)_normal_KL16_184741_8_0.0001_1_window_8,gaia,1,normal_KL,baro,128,0,0.0001,0.14,0.1485714285714287,0.210476190476191,0.2525714285714284,0.19693571428571438,0,8,0,100,0,0,128,2,50,0,normal,gated,aerca_based,1.0,1.0,0.2,0.2,0.5,0.5,0.01,0,0,0,0,0,0,0,0,0,0,0,0,N/A,0.2566263524123903,0.2057142857142857,0.2342857142857143,0.28,0.31142857142857144,0.19693571428571438,0.055585449377869446,1.0,0,0,0,0,0,0,0,0,0,0
gaiarcd_(no mean)_normal_KL16_184834_8_0.0001_1_window_8,gaia,1,normal_KL,rcd,128,0,0.0001,0.14,0.1714285714285718,0.23161904761904842,0.2713333333333337,0.217964739229025,0,8,0,100,0,0,128,2,50,0,normal,gated,aerca_based,1.0,1.0,0.2,0.2,0.5,0.5,0.01,0,0,0,0,0,0,0,0,0,0,0,0,N/A,0.25294243288713336,0.2,0.2,0.30857142857142855,0.30857142857142855,0.217964739229025,0.06593957530962818,1.0,0,0,0,0,0,0,0,0,0,0
gaiacLSTM_(no mean)_normal_KL16_185039_8_0.0001_1_window_8,gaia,1,normal_KL,cLSTM,256,0,0.0001,0.3142857142857143,0.35714285714285726,0.38476190476190386,0.3773333333333332,0.3559595238095236,15782450,8,0,200,0,0,128,2,50,0,normal,gated,aerca_based,1.0,1.0,0.2,0.2,0.5,0.5,0.01,0,0,0,0,0,0,0,0,0,0,0,0,N/A,0.049479429867184975,0.0,0.0,0.0,0.0,0.3559595238095236,0.019885625484430257,1.0,0.08422465256282262,11.87300831254966,60.98431396484375,276.2607421875,474.85461950302124,20.64585302187049,5800.29315684582,1399.244140625,0,0
gaiaCUTS_PLUS_(no mean)_normal_KL16_193113_8_0.0001_1_window_8,gaia,1,normal_KL,CUTS_PLUS,256,0,0.0001,0.1,0.15714285714285722,0.19238095238095237,0.2883809523809529,0.18465555555555557,274738,8,0,200,0,0,128,2,50,0,normal,gated,aerca_based,1.0,1.0,0.2,0.2,0.5,0.5,0.01,0,0,0,0,0,0,0,0,0,0,0,0,N/A,0.3752058313493505,0.35714285714285715,0.35714285714285715,0.35714285714285715,0.35714285714285715,0.18465555555555557,0.05082597188435678,1.0,0.08500308786119734,11.764278512245498,1.82708740234375,21.654296875,17762.746644496918,88.81373322248459,1348.3500316332036,2190.71435546875,0,0
gaiavlinear_(no mean)_normal_KL17_020658_10_0.0001_1_window_10,gaia,1,normal_KL,vlinear,256,0,0.0001,0.24,0.30571428571428577,0.31047619047619024,0.32390476190476203,0.3022413832199546,177426,10,0,200,0,0,128,2,50,0,normal,gated,aerca_based,1.0,1.0,0.2,0.2,0.5,0.5,0.01,0,0,0,0,0,0,0,0,0,0,0,0,N/A,0.0333742527313956,0.0,0.0,0.037142857142857144,0.037142857142857144,0.3022413832199546,0.0333979639080736,1.0,0.08114261831556048,12.323979935069866,1.4562530517578125,21.61181640625,172.90899920463562,5.962379282918469,16063.386016784812,1195.5,0,0
gaiaGVAR_(no mean)_normal_KL17_021340_10_0.0001_1_window_10,gaia,1,normal_KL,GVAR,256,0,0.0001,0.23714285714285716,0.22904761904761867,0.2216190476190481,0.3674285714285713,0.2813684807256236,6492132,10,0,200,0,0,128,2,50,0,normal,gated,aerca_based,1.0,1.0,0.2,0.2,0.5,0.5,0.01,0,0,0,0,0,0,0,0,0,0,0,0,N/A,0.03684888649659204,0.0,0.0,0.0,0.002857142857142857,0.2813684807256236,0.07032078392171412,1.0,0.07864920207432338,12.714687163068755,25.54456329345703,118.90625,733.1614372730255,3.6658071863651274,26126.851503875132,339.44384765625,0,0
gaiatorai_(no mean)_normal_KL17_023703_10_0.0001_1_window_10,gaia,1,normal_KL,torai,128,0,0.0001,0.20857142857142857,0.21619047619047593,0.3580952380952379,0.609523809523808,0.41595351473922887,0,10,0,100,0,0,128,2,50,0,normal,gated,aerca_based,1.0,1.0,0.2,0.2,0.5,0.5,0.01,0,0,0,0,0,0,0,0,0,0,0,0,N/A,0.37143766795514516,0.20857142857142857,0.37142857142857144,0.5542857142857143,0.8142857142857143,0.41595351473922887,0.1818632226042556,1.0,0,0,0,0,0,0,0,0,0,0
gaiabaro_(no mean)_normal_KL17_023940_10_0.0001_1_window_10,gaia,1,normal_KL,baro,128,0,0.0001,0.14285714285714285,0.14952380952380964,0.2087619047619053,0.2514285714285713,0.19597936507936517,0,10,0,100,0,0,128,2,50,0,normal,gated,aerca_based,1.0,1.0,0.2,0.2,0.5,0.5,0.01,0,0,0,0,0,0,0,0,0,0,0,0,N/A,0.25769225159257514,0.20857142857142857,0.23714285714285716,0.26857142857142857,0.30857142857142855,0.19597936507936517,0.05311271454139926,1.0,0,0,0,0,0,0,0,0,0,0
gaiarcd_(no mean)_normal_KL17_024032_10_0.0001_1_window_10,gaia,1,normal_KL,rcd,128,0,0.0001,0.14,0.1714285714285718,0.23161904761904842,0.2713333333333337,0.217964739229025,0,10,0,100,0,0,128,2,50,0,normal,gated,aerca_based,1.0,1.0,0.2,0.2,0.5,0.5,0.01,0,0,0,0,0,0,0,0,0,0,0,0,N/A,0.25294243288713336,0.2,0.2,0.30857142857142855,0.30857142857142855,0.217964739229025,0.06593957530962818,1.0,0,0,0,0,0,0,0,0,0,0
gaiacLSTM_(no mean)_normal_KL17_024236_10_0.0001_1_window_10,gaia,1,normal_KL,cLSTM,256,0,0.0001,0.08857142857142856,0.18476190476190507,0.2551428571428568,0.3386666666666671,0.2534631519274376,15782450,10,0,200,0,0,128,2,50,0,normal,gated,aerca_based,1.0,1.0,0.2,0.2,0.5,0.5,0.01,0,0,0,0,0,0,0,0,0,0,0,0,N/A,0.03671042771096878,0.0,0.0,0.0,0.0,0.2534631519274376,0.08153113541111547,1.0,0.09485123157501221,10.542825679697783,60.98431396484375,281.171875,464.8799512386322,19.36999796827634,4944.553951779414,1683.5625,0,0
gaiaCUTS_PLUS_(no mean)_normal_KL17_031836_10_0.0001_1_window_10,gaia,1,normal_KL,CUTS_PLUS,256,0,0.0001,0.15428571428571428,0.29095238095238063,0.32447619047619,0.35114285714285737,0.3011435374149659,274738,10,0,200,0,0,128,2,50,0,normal,gated,aerca_based,1.0,1.0,0.2,0.2,0.5,0.5,0.01,0,0,0,0,0,0,0,0,0,0,0,0,N/A,0.03432834090015427,0.0,0.0,0.0,0.037142857142857144,0.3011435374149659,0.06325491747416792,1.0,0.0743302549634661,13.453471947479635,1.82708740234375,21.65576171875,1983.6833040714264,90.16742291233756,1062.2018119905147,2723.30029296875,0,0
gaiavlinear_(no mean)_normal_KL17_051555_12_0.0001_1_window_12,gaia,1,normal_KL,vlinear,256,0,0.0001,0.28,0.28190476190476244,0.2961904761904764,0.3110476190476196,0.28982868480725643,178966,12,0,200,0,0,128,2,50,0,normal,gated,aerca_based,1.0,1.0,0.2,0.2,0.5,0.5,0.01,0,0,0,0,0,0,0,0,0,0,0,0,N/A,0.028819505487716626,0.0,0.0,0.0,0.037142857142857144,0.28982868480725643,0.022149308306272954,1.0,0.07844670840672084,12.7475074520058,1.4622955322265625,21.77490234375,339.25096249580383,5.8491545257897215,13640.090999173615,1456.10986328125,0,0
gaiaGVAR_(no mean)_normal_KL17_052516_12_0.0001_1_window_12,gaia,1,normal_KL,GVAR,256,0,0.0001,0.2,0.21238095238095225,0.22095238095238123,0.27447619047619004,0.22464319727891152,7934828,12,0,200,0,0,128,2,50,0,normal,gated,aerca_based,1.0,1.0,0.2,0.2,0.5,0.5,0.01,0,0,0,0,0,0,0,0,0,0,0,0,N/A,0.04139208814740976,0.0,0.0,0.0,0.002857142857142857,0.22464319727891152,0.030193778136640263,1.0,0.07849186216081892,12.740174235529524,31.048011779785156,140.9111328125,91.08832907676697,3.643533163070679,21897.15214030353,408.58056640625,0,0
gaiatorai_(no mean)_normal_KL17_053311_12_0.0001_1_window_12,gaia,1,normal_KL,torai,128,0,0.0001,0.21142857142857144,0.21238095238095211,0.35580952380952363,0.6109523809523792,0.4159721088435372,0,12,0,100,0,0,128,2,50,0,normal,gated,aerca_based,1.0,1.0,0.2,0.2,0.5,0.5,0.01,0,0,0,0,0,0,0,0,0,0,0,0,N/A,0.3723537360140704,0.21142857142857144,0.3628571428571429,0.5514285714285714,0.82,0.4159721088435372,0.18249494919845555,1.0,0,0,0,0,0,0,0,0,0,0
gaiabaro_(no mean)_normal_KL17_053548_12_0.0001_1_window_12,gaia,1,normal_KL,baro,128,0,0.0001,0.14285714285714285,0.1476190476190477,0.2024761904761909,0.2517142857142856,0.19427165532879828,0,12,0,100,0,0,128,2,50,0,normal,gated,aerca_based,1.0,1.0,0.2,0.2,0.5,0.5,0.01,0,0,0,0,0,0,0,0,0,0,0,0,N/A,0.25588042373789016,0.20857142857142857,0.22857142857142856,0.25142857142857145,0.30857142857142855,0.19427165532879828,0.05309703999696643,1.0,0,0,0,0,0,0,0,0,0,0
gaiarcd_(no mean)_normal_KL17_053639_12_0.0001_1_window_12,gaia,1,normal_KL,rcd,128,0,0.0001,0.14,0.1714285714285718,0.23161904761904842,0.2713333333333337,0.217964739229025,0,12,0,100,0,0,128,2,50,0,normal,gated,aerca_based,1.0,1.0,0.2,0.2,0.5,0.5,0.01,0,0,0,0,0,0,0,0,0,0,0,0,N/A,0.25294243288713336,0.2,0.2,0.30857142857142855,0.30857142857142855,0.217964739229025,0.06593957530962818,1.0,0,0,0,0,0,0,0,0,0,0
gaiacLSTM_(no mean)_normal_KL17_053849_12_0.0001_1_window_12,gaia,1,normal_KL,cLSTM,256,0,0.0001,0.2714285714285714,0.19952380952380927,0.20809523809523825,0.2919999999999994,0.23018866213151937,15782450,12,0,200,0,0,128,2,50,0,normal,gated,aerca_based,1.0,1.0,0.2,0.2,0.5,0.5,0.01,0,0,0,0,0,0,0,0,0,0,0,0,N/A,0.036998572979912936,0.0,0.0,0.0,0.0,0.23018866213151937,0.03392283346361826,1.0,0.09161919048854283,10.914743894457919,60.98431396484375,282.79150390625,461.5291919708252,18.461167678833007,4321.665963279055,2004.10107421875,0,0
gaiaCUTS_PLUS_(no mean)_normal_KL17_061051_12_0.0001_1_window_12,gaia,1,normal_KL,CUTS_PLUS,256,0,0.0001,0.2,0.2885714285714281,0.32533333333333325,0.37800000000000067,0.30934580498866215,274738,12,0,200,0,0,128,2,50,0,normal,gated,aerca_based,1.0,1.0,0.2,0.2,0.5,0.5,0.01,0,0,0,0,0,0,0,0,0,0,0,0,N/A,0.032329263645604005,0.0,0.0,0.0,0.0,0.30934580498866215,0.07540057784977867,1.0,0.07325041225978306,13.651800299136797,1.82708740234375,21.65771484375,18462.552660226822,92.31276330113411,864.2683540924814,3255.88720703125,0,0
gaiavlinear_(no mean)_normal_KL17_130002_14_0.0001_1_window_14,gaia,1,normal_KL,vlinear,256,0,0.0001,0.12,0.2214285714285712,0.21400000000000005,0.25838095238095266,0.21084353741496606,180506,14,0,200,0,0,128,2,50,0,normal,gated,aerca_based,1.0,1.0,0.2,0.2,0.5,0.5,0.01,0,0,0,0,0,0,0,0,0,0,0,0,N/A,0.030502117697344126,0.0,0.0,0.0,0.037142857142857144,0.21084353741496606,0.03432125681754452,1.0,0.0918160731451852,10.891339236636039,1.4683685302734375,21.9375,200.98045229911804,5.742298637117658,11906.904241803726,1716.32861328125,0,0
gaiaGVAR_(no mean)_normal_KL17_130635_14_0.0001_1_window_14,gaia,1,normal_KL,GVAR,256,0,0.0001,0.24,0.19047619047619033,0.2146666666666669,0.213809523809524,0.21299387755102042,9377524,14,0,200,0,0,128,2,50,0,normal,gated,aerca_based,1.0,1.0,0.2,0.2,0.5,0.5,0.01,0,0,0,0,0,0,0,0,0,0,0,0,N/A,0.09237530028834375,0.0,0.0,0.35714285714285715,0.35714285714285715,0.21299387755102042,0.01738978846712019,1.0,0.08139746870313372,12.28539432408051,36.55146026611328,164.34619140625,88.69615960121155,3.2850429481930203,20813.426514746006,477.89306640625,0,0
gaiatorai_(no mean)_normal_KL17_131427_14_0.0001_1_window_14,gaia,1,normal_KL,torai,128,0,0.0001,0.20857142857142857,0.21523809523809498,0.3569523809523808,0.6109523809523794,0.41668106575963704,0,14,0,100,0,0,128,2,50,0,normal,gated,aerca_based,1.0,1.0,0.2,0.2,0.5,0.5,0.01,0,0,0,0,0,0,0,0,0,0,0,0,N/A,0.3715465828497744,0.20857142857142857,0.36857142857142855,0.5457142857142857,0.8171428571428572,0.41668106575963704,0.18259463935044642,1.0,0,0,0,0,0,0,0,0,0,0
gaiabaro_(no mean)_normal_KL17_131702_14_0.0001_1_window_14,gaia,1,normal_KL,baro,128,0,0.0001,0.14285714285714285,0.14190476190476203,0.20476190476190523,0.24999999999999997,0.19307653061224503,0,14,0,100,0,0,128,2,50,0,normal,gated,aerca_based,1.0,1.0,0.2,0.2,0.5,0.5,0.01,0,0,0,0,0,0,0,0,0,0,0,0,N/A,0.2538726267729503,0.20857142857142857,0.22,0.2542857142857143,0.30857142857142855,0.19307653061224503,0.054162527981873286,1.0,0,0,0,0,0,0,0,0,0,0
gaiarcd_(no mean)_normal_KL17_131748_14_0.0001_1_window_14,gaia,1,normal_KL,rcd,128,0,0.0001,0.14,0.1714285714285718,0.23161904761904842,0.2713333333333337,0.217964739229025,0,14,0,100,0,0,128,2,50,0,normal,gated,aerca_based,1.0,1.0,0.2,0.2,0.5,0.5,0.01,0,0,0,0,0,0,0,0,0,0,0,0,N/A,0.25294243288713336,0.2,0.2,0.30857142857142855,0.30857142857142855,0.217964739229025,0.06593957530962818,1.0,0,0,0,0,0,0,0,0,0,0
gaiacLSTM_(no mean)_normal_KL17_131958_14_0.0001_1_window_14,gaia,1,normal_KL,cLSTM,256,0,0.0001,0.19428571428571428,0.24904761904761855,0.23323809523809533,0.279904761904762,0.251601133786848,15782450,14,0,200,0,0,128,2,50,0,normal,gated,aerca_based,1.0,1.0,0.2,0.2,0.5,0.5,0.01,0,0,0,0,0,0,0,0,0,0,0,0,N/A,0.04418471038567095,0.0,0.037142857142857144,0.037142857142857144,0.12285714285714286,0.251601133786848,0.02658036559030862,1.0,0.09277806350163051,10.77840991995296,60.98431396484375,271.32861328125,468.43211936950684,18.016619975750263,3794.9959588439815,2296.7724609375,0,0
aiopsvlinear_(no mean)_normal_KL27_194439_8_0.0001_2_window_8,aiops,2,normal_KL,vlinear,256,0,0.0001,0.17801047120418848,0.4048865619546249,0.44816753926701647,0.5145287958115187,0.4267888307155324,160526,8,0,200,0,0,0,0,30,0,normal,gated,aerca_based,1.0,1.0,0.2,0.2,0.5,0.5,0.01,0,0,0,0,0,0,0,0,0,0,0,0,N/A,0.8481675392670157,0.6963350785340314,1.0,1.0,1.0,0.4267888307155324,0.09504147933608895,0.13337988826815642,0.06977505209558298,14.331770023333366,1.3742523193359375,20.8759765625,27.158488273620605,0.21384636435921736,21515.44644580105,562.59326171875,0,0
aiopsGVAR_(no mean)_normal_KL27_194608_8_0.0001_2_window_8,aiops,2,normal_KL,GVAR,256,0,0.0001,0.20418848167539266,0.30017452006980805,0.34659685863874345,0.3908813263525308,0.3255200282556304,2135196,8,0,200,0,0,0,0,30,0,normal,gated,aerca_based,1.0,1.0,0.2,0.2,0.5,0.5,0.01,0,0,0,0,0,0,0,0,0,0,0,0,N/A,0.7675521164959691,0.7172774869109948,0.7801047120418848,0.8115183246073299,0.8481675392670157,0.3255200282556304,0.05870765276896862,0.13337988826815642,0.13117286297663344,7.62352804770401,8.906776428222656,50.6396484375,36.797834396362305,0.18398917198181153,25006.906387158684,116.67822265625,0,0
aiopstorai_(no mean)_normal_KL27_194933_8_0.0001_2_window_8,aiops,2,normal_KL,torai,128,0,0.0001,0.25654450261780104,0.31937172774869077,0.3528795811518327,0.37060791157649775,0.3356372060167871,0,8,0,100,0,0,0,0,30,0,normal,gated,aerca_based,1.0,1.0,0.1,0.1,0.5,0.5,0.1,0,0,0,0,0,0,0,0,0,0,0,0,N/A,0.41858595758216627,0.25654450261780104,0.5287958115183246,0.5287958115183246,0.7068062827225131,0.3356372060167871,0.03153630774853908,0.13337988826815642,0,0,0,0,0,0,0,0,0,0
aiopsbaro_(no mean)_normal_KL27_195744_8_0.0001_2_window_8,aiops,2,normal_KL,baro,128,0,0.0001,0.28272251308900526,0.3647469458987783,0.3968586387434554,0.4423938336242004,0.38235456660849343,0,8,0,100,0,0,0,0,30,0,normal,gated,aerca_based,1.0,1.0,0.1,0.1,0.5,0.5,0.1,0,0,0,0,0,0,0,0,0,0,0,0,N/A,0.3679003430222062,0.193717277486911,0.45549738219895286,0.8167539267015707,0.8167539267015707,0.38235456660849343,0.05554753902747024,0.13337988826815642,0,0,0,0,0,0,0,0,0,0
aiopsrcd_(no mean)_normal_KL27_195859_8_0.0001_2_window_8,aiops,2,normal_KL,rcd,128,0,0.0001,0.17801047120418848,0.2617801047120419,0.2931937172774868,0.341753926701571,0.27939790575916235,0,8,0,100,0,0,0,0,30,0,normal,gated,aerca_based,1.0,1.0,0.1,0.1,0.5,0.5,0.1,0,0,0,0,0,0,0,0,0,0,0,0,N/A,0.2888427513991695,0.08900523560209424,0.35602094240837695,0.837696335078534,0.837696335078534,0.27939790575916235,0.05671326591808426,0.13337988826815642,0,0,0,0,0,0,0,0,0,0
aiopscLSTM_(no mean)_normal_KL27_200419_8_0.0001_2_window_8,aiops,2,normal_KL,cLSTM,256,0,0.0001,0.24607329842931938,0.3141361256544501,0.3361256544502617,0.37436009307737095,0.3272035236433143,8855070,8,0,200,0,0,0,0,30,0,normal,gated,aerca_based,1.0,1.0,0.2,0.2,0.5,0.5,0.01,0,0,0,0,0,0,0,0,0,0,0,0,N/A,0.7754086518484423,0.680628272251309,0.8848167539267016,0.9581151832460733,0.9790575916230366,0.3272035236433143,0.041788759257197244,0.13337988826815642,0.07714614194101065,12.962411014210462,34.54106140136719,161.12158203125,135.35106110572815,0.6767553055286407,6798.616815284477,847.42724609375,0,0
aiopsCUTS_PLUS_(no mean)_normal_KL27_201005_8_0.0001_2_window_8,aiops,2,normal_KL,CUTS_PLUS,256,0,0.0001,0.2617801047120419,0.31413612565445026,0.34869109947643967,0.38237347294938945,0.33404512590376473,243998,8,0,200,0,0,0,0,30,0,normal,gated,aerca_based,1.0,1.0,0.2,0.2,0.5,0.5,0.01,0,0,0,0,0,0,0,0,0,0,0,0,N/A,0.771189098269681,0.7015706806282722,0.8324607329842932,0.8743455497382199,0.8952879581151832,0.33404512590376473,0.041229224190548905,0.13337988826815642,0.06492758046894173,15.401775220599086,1.6924285888671875,20.994140625,393.14273381233215,1.9657136690616608,2340.6257342638824,1418.4775390625,0,0
aiopsvlinear_(no mean)_normal_KL27_202425_12_0.0001_2_window_12,aiops,2,normal_KL,vlinear,256,0,0.0001,0.3744493392070485,0.4346549192364172,0.47577092511013275,0.5341042584434658,0.4714493741696387,163606,12,0,200,0,0,0,0,30,0,normal,gated,aerca_based,1.0,1.0,0.2,0.2,0.5,0.5,0.01,0,0,0,0,0,0,0,0,0,0,0,0,N/A,0.7797356828193832,0.5594713656387665,1.0,1.0,1.0,0.4714493741696387,0.054555446754535095,0.15896358543417366,0.07182026329544672,13.923647089489274,1.3863067626953125,21.0712890625,20.78124213218689,0.2698862614569726,17036.806450161042,870.8037109375,0,0
aiopsGVAR_(no mean)_normal_KL27_202557_12_0.0001_2_window_12,aiops,2,normal_KL,GVAR,256,0,0.0001,0.2555066079295154,0.3135095447870778,0.33171806167400913,0.37785119921683824,0.3281207607859592,3355308,12,0,200,0,0,0,0,30,0,normal,gated,aerca_based,1.0,1.0,0.2,0.2,0.5,0.5,0.01,0,0,0,0,0,0,0,0,0,0,0,0,N/A,0.5918280990795077,0.5418502202643172,0.5991189427312775,0.6211453744493393,0.6431718061674009,0.3281207607859592,0.040270516424536336,0.15896358543417366,0.13047636448024127,7.664223355575142,13.561134338378906,69.28125,53.81134104728699,0.26905670523643493,17089.33436897432,172.56884765625,0,0
aiopstorai_(no mean)_normal_KL27_202934_12_0.0001_2_window_12,aiops,2,normal_KL,torai,128,0,0.0001,0.2775330396475771,0.35389133627019104,0.3876651982378861,0.4073788546255505,0.36867124676596047,0,12,0,100,0,0,0,0,30,0,normal,gated,aerca_based,1.0,1.0,0.1,0.1,0.5,0.5,0.1,0,0,0,0,0,0,0,0,0,0,0,0,N/A,0.4453125293866598,0.2775330396475771,0.5770925110132159,0.5770925110132159,0.762114537444934,0.36867124676596047,0.036696825673271684,0.15896358543417366,0,0,0,0,0,0,0,0,0,0
aiopsbaro_(no mean)_normal_KL27_203804_12_0.0001_2_window_12,aiops,2,normal_KL,baro,128,0,0.0001,0.31718061674008813,0.38472834067547734,0.4193832599118947,0.4692486539402839,0.4100015733165514,0,12,0,100,0,0,0,0,30,0,normal,gated,aerca_based,1.0,1.0,0.1,0.1,0.5,0.5,0.1,0,0,0,0,0,0,0,0,0,0,0,0,N/A,0.39400982328219153,0.22466960352422907,0.4581497797356828,0.8370044052863436,0.8370044052863436,0.4100015733165514,0.052982396468798,0.15896358543417366,0,0,0,0,0,0,0,0,0,0
aiopsrcd_(no mean)_normal_KL27_203921_12_0.0001_2_window_12,aiops,2,normal_KL,rcd,128,0,0.0001,0.18502202643171806,0.26725403817914833,0.29603524229074873,0.34247430249632915,0.2827630934899658,0,12,0,100,0,0,0,0,30,0,normal,gated,aerca_based,1.0,1.0,0.1,0.1,0.5,0.5,0.1,0,0,0,0,0,0,0,0,0,0,0,0,N/A,0.2947440376727936,0.09251101321585903,0.3700440528634361,0.8458149779735683,0.8458149779735683,0.2827630934899658,0.05462189788786041,0.15896358543417366,0,0,0,0,0,0,0,0,0,0
aiopscLSTM_(no mean)_normal_KL27_204505_12_0.0001_2_window_12,aiops,2,normal_KL,cLSTM,256,0,0.0001,0.27312775330396477,0.30102790014684283,0.3277533039647579,0.37722711698482625,0.3239418572127824,8855070,12,0,200,0,0,0,0,30,0,normal,gated,aerca_based,1.0,1.0,0.2,0.2,0.5,0.5,0.01,0,0,0,0,0,0,0,0,0,0,0,0,N/A,0.5918364183327791,0.5374449339207048,0.5726872246696035,0.5814977973568282,0.7665198237885462,0.3239418572127824,0.035616973748285485,0.15896358543417366,0.07072376889804387,14.139517952466738,34.54106140136719,162.41015625,154.50562286376953,0.7725281143188476,5951.886947252583,1215.09423828125,0,0
aiopsCUTS_PLUS_(no mean)_normal_KL27_205120_12_0.0001_2_window_12,aiops,2,normal_KL,CUTS_PLUS,256,0,0.0001,0.27312775330396477,0.3157121879588843,0.345374449339207,0.3839574155653455,0.33749248304314394,243998,12,0,200,0,0,0,0,30,0,normal,gated,aerca_based,1.0,1.0,0.2,0.2,0.5,0.5,0.01,0,0,0,0,0,0,0,0,0,0,0,0,N/A,0.5984703177542778,0.5462555066079295,0.6035242290748899,0.6211453744493393,0.6519823788546255,0.33749248304314394,0.036080044197387445,0.15896358543417366,0.08258263550140785,12.10908314960416,1.6924285888671875,20.9970703125,610.9164454936981,3.0545822274684906,1505.2794973571981,2050.9072265625,0,0
aiopsvlinear_(no mean)_normal_KL27_211233_16_0.0001_2_window_16,aiops,2,normal_KL,vlinear,256,0,0.0001,0.38022813688212925,0.43979721166032976,0.48136882129277625,0.5403358681875792,0.47802070130967483,166686,16,0,200,0,0,0,0,30,0,normal,gated,aerca_based,1.0,1.0,0.2,0.2,0.5,0.5,0.01,0,0,0,0,0,0,0,0,0,0,0,0,N/A,0.7319391634980988,0.467680608365019,1.0,1.0,1.0,0.47802070130967483,0.053811767575370324,0.18469101123595505,0.07003575495440698,14.278421081503247,1.3984832763671875,21.26611328125,25.066181659698486,0.3298181797328748,13931.918500434289,1177.6875,0,0
aiopsGVAR_(no mean)_normal_KL27_211406_16_0.0001_2_window_16,aiops,2,normal_KL,GVAR,256,0,0.0001,0.25475285171102663,0.29531051964512045,0.3243346007604566,0.36968736797634133,0.31820417647413857,4575420,16,0,200,0,0,0,0,30,0,normal,gated,aerca_based,1.0,1.0,0.2,0.2,0.5,0.5,0.01,0,0,0,0,0,0,0,0,0,0,0,0,N/A,0.5321030751267715,0.4714828897338403,0.5209125475285171,0.5475285171102662,0.6463878326996197,0.31820417647413857,0.03717850720534735,0.18469101123595505,0.07295131864656514,13.707771409106453,18.215492248535156,87.9228515625,65.02749466896057,0.32513747334480286,14132.483569887003,223.50634765625,0,0
aiopstorai_(no mean)_normal_KL27_211729_16_0.0001_2_window_16,aiops,2,normal_KL,torai,128,0,0.0001,0.2813688212927757,0.36375158428390414,0.39847908745247207,0.42225390790029577,0.3798930231154567,0,16,0,100,0,0,0,0,30,0,normal,gated,aerca_based,1.0,1.0,0.1,0.1,0.5,0.5,0.1,0,0,0,0,0,0,0,0,0,0,0,0,N/A,0.45209693632271314,0.2813688212927757,0.5893536121673004,0.6007604562737643,0.7908745247148289,0.3798930231154567,0.040492705934920624,0.18469101123595505,0,0,0,0,0,0,0,0,0,0
aiopsbaro_(no mean)_normal_KL27_212622_16_0.0001_2_window_16,aiops,2,normal_KL,baro,128,0,0.0001,0.33079847908745247,0.39163498098859345,0.42661596958174947,0.4781896915927335,0.41975964149918543,0,16,0,100,0,0,0,0,30,0,normal,gated,aerca_based,1.0,1.0,0.1,0.1,0.5,0.5,0.1,0,0,0,0,0,0,0,0,0,0,0,0,N/A,0.4045430706699882,0.23574144486692014,0.4600760456273764,0.8479087452471483,0.8479087452471483,0.41975964149918543,0.05145890572060124,0.18469101123595505,0,0,0,0,0,0,0,0,0,0
aiopsrcd_(no mean)_normal_KL27_212743_16_0.0001_2_window_16,aiops,2,normal_KL,rcd,128,0,0.0001,0.19011406844106463,0.27122940430925185,0.2980988593155898,0.34299746514575385,0.28520701309674706,0,16,0,100,0,0,0,0,30,0,normal,gated,aerca_based,1.0,1.0,0.1,0.1,0.5,0.5,0.1,0,0,0,0,0,0,0,0,0,0,0,0,N/A,0.2990297626851973,0.09505703422053231,0.38022813688212925,0.8517110266159695,0.8517110266159695,0.28520701309674706,0.05310915285436695,0.18469101123595505,0,0,0,0,0,0,0,0,0,0
aiopscLSTM_(no mean)_normal_KL27_213347_16_0.0001_2_window_16,aiops,2,normal_KL,cLSTM,256,0,0.0001,0.2585551330798479,0.30291508238276316,0.3296577946768063,0.3900084495141533,0.3236052266280405,8855070,16,0,200,0,0,0,0,30,0,normal,gated,aerca_based,1.0,1.0,0.2,0.2,0.5,0.5,0.01,0,0,0,0,0,0,0,0,0,0,0,0,N/A,0.8646116241173275,0.7908745247148289,0.9315589353612167,0.9695817490494296,0.9695817490494296,0.3236052266280405,0.039885738954939735,0.18469101123595505,0.07013873455642294,14.257457114450109,34.54106140136719,165.0625,180.66868615150452,0.9033434307575225,5086.659008685922,1587.1328125,0,0
aiopsCUTS_PLUS_(no mean)_normal_KL27_214114_16_0.0001_2_window_16,aiops,2,normal_KL,CUTS_PLUS,256,0,0.0001,0.34220532319391633,0.3295310519645119,0.34448669201520954,0.35877693282636236,0.3409062103929025,243998,16,0,200,0,0,0,0,30,0,normal,gated,aerca_based,1.0,1.0,0.2,0.2,0.5,0.5,0.01,0,0,0,0,0,0,0,0,0,0,0,0,N/A,0.5722090191138065,0.467680608365019,0.5361216730038023,0.6920152091254753,0.9239543726235742,0.3409062103929025,0.014184882193579221,0.18469101123595505,0.07307650018554224,13.68428971640659,1.6924285888671875,21.0,838.6768035888672,4.193384017944336,1095.773718871696,2685.8525390625,0,0
aiopsvlinear_(no mean)_normal_KL27_220924_20_0.0001_2_window_20,aiops,2,normal_KL,vlinear,256,0,0.0001,0.3745819397993311,0.43422519509476065,0.4765886287625418,0.5367800074321816,0.4726360354621225,169766,20,0,200,0,0,0,0,30,0,normal,gated,aerca_based,1.0,1.0,0.2,0.2,0.5,0.5,0.01,0,0,0,0,0,0,0,0,0,0,0,0,N/A,0.6945373467112598,0.4080267558528428,1.0,1.0,1.0,0.4726360354621225,0.053326229611324154,0.21056338028169014,0.08205595144061341,12.18680647099355,1.4107818603515625,21.4619140625,25.882282972335815,0.3863027309303853,11887.050316575456,1485.953125,0,0
aiopsGVAR_(no mean)_normal_KL27_221051_20_0.0001_2_window_20,aiops,2,normal_KL,GVAR,256,0,0.0001,0.25752508361204013,0.30657748049052397,0.3290969899665558,0.3684410999628394,0.32317128523650285,5795532,20,0,200,0,0,0,0,30,0,normal,gated,aerca_based,1.0,1.0,0.2,0.2,0.5,0.5,0.01,0,0,0,0,0,0,0,0,0,0,0,0,N/A,0.4979578091249298,0.42474916387959866,0.4916387959866221,0.5317725752508361,0.6688963210702341,0.32317128523650285,0.033249616156523804,0.21056338028169014,0.07780635556249714,12.852420509488592,22.869850158691406,106.564453125,77.06600999832153,0.3853300499916077,11917.056559954282,280.97119140625,0,0
aiopstorai_(no mean)_normal_KL27_221451_20_0.0001_2_window_20,aiops,2,normal_KL,torai,128,0,0.0001,0.27424749163879597,0.3556298773690083,0.3933110367892985,0.422064288368636,0.37685857620640245,0,20,0,100,0,0,0,0,30,0,normal,gated,aerca_based,1.0,1.0,0.1,0.1,0.5,0.5,0.1,0,0,0,0,0,0,0,0,0,0,0,0,N/A,0.446042830233235,0.27424749163879597,0.5719063545150501,0.6086956521739131,0.802675585284281,0.37685857620640245,0.04309328098455586,0.21056338028169014,0,0,0,0,0,0,0,0,0,0
aiopsbaro_(no mean)_normal_KL27_222411_20_0.0001_2_window_20,aiops,2,normal_KL,baro,128,0,0.0001,0.34782608695652173,0.4035674470457082,0.44013377926421365,0.4932274247491628,0.4345017784148218,0,20,0,100,0,0,0,0,30,0,normal,gated,aerca_based,1.0,1.0,0.1,0.1,0.5,0.5,0.1,0,0,0,0,0,0,0,0,0,0,0,0,N/A,0.4169991927113367,0.25418060200668896,0.46488294314381273,0.8461538461538461,0.8461538461538461,0.4345017784148218,0.05055449991262445,0.21056338028169014,0,0,0,0,0,0,0,0,0,0
aiopsrcd_(no mean)_normal_KL27_222537_20_0.0001_2_window_20,aiops,2,normal_KL,rcd,128,0,0.0001,0.1939799331103679,0.27424749163879575,0.29966555183946536,0.34339464882943116,0.2870624303233,0,20,0,100,0,0,0,0,30,0,normal,gated,aerca_based,1.0,1.0,0.1,0.1,0.5,0.5,0.1,0,0,0,0,0,0,0,0,0,0,0,0,N/A,0.3022834736477915,0.09698996655518395,0.3879598662207358,0.8561872909698997,0.8561872909698997,0.2870624303233,0.05196440990925581,0.21056338028169014,0,0,0,0,0,0,0,0,0,0
aiopscLSTM_(no mean)_normal_KL27_223206_20_0.0001_2_window_20,aiops,2,normal_KL,cLSTM,256,0,0.0001,0.3076923076923077,0.32998885172798265,0.3374581939799331,0.3526384243775551,0.33209892764240606,8855070,20,0,200,0,0,0,0,30,0,normal,gated,aerca_based,1.0,1.0,0.2,0.2,0.5,0.5,0.01,0,0,0,0,0,0,0,0,0,0,0,0,N/A,0.41430251074928737,0.3779264214046823,0.40468227424749165,0.4080267558528428,0.4214046822742475,0.33209892764240606,0.014081890584467337,0.21056338028169014,0.05904397836895691,16.936528120634943,34.54106140136719,162.22802734375,218.49820256233215,1.0924910128116607,4203.238238255087,1951.28759765625,0,0
aiopsCUTS_PLUS_(no mean)_normal_KL27_223942_20_0.0001_2_window_20,aiops,2,normal_KL,CUTS_PLUS,256,0,0.0001,0.2809364548494983,0.30769230769230826,0.3170568561872911,0.3546079524340395,0.3188287678505072,243998,20,0,200,0,0,0,0,30,0,normal,gated,aerca_based,1.0,1.0,0.2,0.2,0.5,0.5,0.01,0,0,0,0,0,0,0,0,0,0,0,0,N/A,0.5045778091853708,0.38461538461538464,0.47491638795986624,0.6889632107023411,0.882943143812709,0.3188287678505072,0.023149630026448695,0.21056338028169014,0.06348014037345963,15.75295823413285,1.6924285888671875,21.0029296875,970.8240420818329,4.854120210409165,946.0004699003797,3318.4619140625,0,0
aiopsvlinear_(no mean)_normal_KL30_141245_8_0.0001_3_window_8,aiops,3,normal_KL,vlinear,256,0,0.0001,0.2198952879581152,0.3036649214659686,0.3350785340314135,0.37956660849331036,0.3198938336242002,160526,8,0,200,0,0,0,0,30,0,normal,gated,aerca_based,1.0,1.0,0.2,0.2,0.5,0.5,0.01,0,0,0,0,0,0,0,0,0,0,0,0,N/A,0.9607329842931938,0.9214659685863874,1.0,1.0,1.0,0.3198938336242002,0.05558145396622261,0.13337988826815642,0.05469262038225903,18.28400235737061,1.3742523193359375,20.8759765625,20.721026182174683,0.19548137907711965,23536.768677004537,562.59228515625,0,0
aiopsGVAR_(no mean)_normal_KL30_141403_8_0.0001_3_window_8,aiops,3,normal_KL,GVAR,256,0,0.0001,0.25654450261780104,0.287958115183246,0.3392670157068063,0.3915066899360095,0.32888639574503453,2135196,8,0,200,0,0,0,0,30,0,normal,gated,aerca_based,1.0,1.0,0.2,0.2,0.5,0.5,0.01,0,0,0,0,0,0,0,0,0,0,0,0,N/A,0.7379125722601408,0.7068062827225131,0.7382198952879581,0.7382198952879581,0.7643979057591623,0.32888639574503453,0.051135074020558426,0.13337988826815642,0.04777130781043887,20.933067270590453,8.906776428222656,50.6396484375,29.94584822654724,0.1497292411327362,30728.800635015414,116.67822265625,0,0
aiopstorai_(no mean)_normal_KL30_141636_8_0.0001_3_window_8,aiops,3,normal_KL,torai,128,0,0.0001,0.25654450261780104,0.31937172774869077,0.3528795811518327,0.37060791157649775,0.3356372060167871,0,8,0,100,0,0,0,0,30,0,normal,gated,aerca_based,1.0,1.0,0.1,0.1,0.5,0.5,0.1,0,0,0,0,0,0,0,0,0,0,0,0,N/A,0.41858595758216627,0.25654450261780104,0.5287958115183246,0.5287958115183246,0.7068062827225131,0.3356372060167871,0.03153630774853908,0.13337988826815642,0,0,0,0,0,0,0,0,0,0
aiopsbaro_(no mean)_normal_KL30_142305_8_0.0001_3_window_8,aiops,3,normal_KL,baro,128,0,0.0001,0.28272251308900526,0.3647469458987783,0.3968586387434554,0.4423938336242004,0.38235456660849343,0,8,0,100,0,0,0,0,30,0,normal,gated,aerca_based,1.0,1.0,0.1,0.1,0.5,0.5,0.1,0,0,0,0,0,0,0,0,0,0,0,0,N/A,0.3679003430222062,0.193717277486911,0.45549738219895286,0.8167539267015707,0.8167539267015707,0.38235456660849343,0.05554753902747024,0.13337988826815642,0,0,0,0,0,0,0,0,0,0
aiopsrcd_(no mean)_normal_KL30_142402_8_0.0001_3_window_8,aiops,3,normal_KL,rcd,128,0,0.0001,0.17801047120418848,0.2617801047120419,0.2931937172774868,0.341753926701571,0.27939790575916235,0,8,0,100,0,0,0,0,30,0,normal,gated,aerca_based,1.0,1.0,0.1,0.1,0.5,0.5,0.1,0,0,0,0,0,0,0,0,0,0,0,0,N/A,0.2888427513991695,0.08900523560209424,0.35602094240837695,0.837696335078534,0.837696335078534,0.27939790575916235,0.05671326591808426,0.13337988826815642,0,0,0,0,0,0,0,0,0,0
aiopscLSTM_(no mean)_normal_KL30_142826_8_0.0001_3_window_8,aiops,3,normal_KL,cLSTM,256,0,0.0001,0.2356020942408377,0.2949389179755671,0.32670157068062833,0.36295811518324633,0.31401500041552405,8855070,8,0,200,0,0,0,0,30,0,normal,gated,aerca_based,1.0,1.0,0.2,0.2,0.5,0.5,0.01,0,0,0,0,0,0,0,0,0,0,0,0,N/A,0.7155663246437755,0.680628272251309,0.7329842931937173,0.743455497382199,0.743455497382199,0.31401500041552405,0.04399832212920601,0.13337988826815642,0.0556569973211638,17.96719277235867,34.54106140136719,161.12158203125,118.38437414169312,0.5919218707084656,7772.98530039633,847.42724609375,0,0
aiopsCUTS_PLUS_(no mean)_normal_KL30_143311_8_0.0001_3_window_8,aiops,3,normal_KL,CUTS_PLUS,256,0,0.0001,0.24607329842931938,0.30541012216404884,0.3267015706806283,0.389906922629436,0.3253455081858224,243998,8,0,200,0,0,0,0,30,0,normal,gated,aerca_based,1.0,1.0,0.2,0.2,0.5,0.5,0.01,0,0,0,0,0,0,0,0,0,0,0,0,N/A,0.7423344086387159,0.6963350785340314,0.7643979057591623,0.774869109947644,0.7905759162303665,0.3253455081858224,0.045349153886767954,0.13337988826815642,0.06142356258412306,16.280397260097754,1.6924285888671875,20.994140625,387.6576511859894,1.9382882559299468,2373.74393923289,1418.4775390625,0,0
aiopsvlinear_(no mean)_normal_KL30_144613_12_0.0001_3_window_12,aiops,3,normal_KL,vlinear,256,0,0.0001,0.23348017621145375,0.31130690161527175,0.3418502202643174,0.3865271659324524,0.32879361583106087,163606,12,0,200,0,0,0,0,30,0,normal,gated,aerca_based,1.0,1.0,0.2,0.2,0.5,0.5,0.01,0,0,0,0,0,0,0,0,0,0,0,0,N/A,0.9493392070484582,0.8986784140969163,1.0,1.0,1.0,0.32879361583106087,0.0533101874732257,0.15896358543417366,0.0575256841298242,17.383539459403835,1.3863067626953125,21.0712890625,31.712329626083374,0.28314580023288727,16238.983577429535,870.8037109375,0,0
aiopsGVAR_(no mean)_normal_KL30_144738_12_0.0001_3_window_12,aiops,3,normal_KL,GVAR,256,0,0.0001,0.2907488986784141,0.3362701908957413,0.344493392070485,0.3839207048458151,0.3435593664778688,3355308,12,0,200,0,0,0,0,30,0,normal,gated,aerca_based,1.0,1.0,0.2,0.2,0.5,0.5,0.01,0,0,0,0,0,0,0,0,0,0,0,0,N/A,0.6348495536122076,0.5550660792951542,0.6387665198237885,0.7004405286343612,0.8414096916299559,0.3435593664778688,0.031175841893081806,0.15896358543417366,0.05608970373212503,17.828584097641723,13.561134338378906,69.28125,41.50921607017517,0.20754608035087585,22154.11629179725,172.56884765625,0,0
aiopstorai_(no mean)_normal_KL30_145050_12_0.0001_3_window_12,aiops,3,normal_KL,torai,128,0,0.0001,0.2775330396475771,0.35389133627019104,0.3876651982378861,0.4073788546255505,0.36867124676596047,0,12,0,100,0,0,0,0,30,0,normal,gated,aerca_based,1.0,1.0,0.1,0.1,0.5,0.5,0.1,0,0,0,0,0,0,0,0,0,0,0,0,N/A,0.4453125293866598,0.2775330396475771,0.5770925110132159,0.5770925110132159,0.762114537444934,0.36867124676596047,0.036696825673271684,0.15896358543417366,0,0,0,0,0,0,0,0,0,0
aiopsbaro_(no mean)_normal_KL30_145753_12_0.0001_3_window_12,aiops,3,normal_KL,baro,128,0,0.0001,0.31718061674008813,0.38472834067547734,0.4193832599118947,0.4692486539402839,0.4100015733165514,0,12,0,100,0,0,0,0,30,0,normal,gated,aerca_based,1.0,1.0,0.1,0.1,0.5,0.5,0.1,0,0,0,0,0,0,0,0,0,0,0,0,N/A,0.39400982328219153,0.22466960352422907,0.4581497797356828,0.8370044052863436,0.8370044052863436,0.4100015733165514,0.052982396468798,0.15896358543417366,0,0,0,0,0,0,0,0,0,0
aiopsrcd_(no mean)_normal_KL30_145858_12_0.0001_3_window_12,aiops,3,normal_KL,rcd,128,0,0.0001,0.18502202643171806,0.26725403817914833,0.29603524229074873,0.34247430249632915,0.2827630934899658,0,12,0,100,0,0,0,0,30,0,normal,gated,aerca_based,1.0,1.0,0.1,0.1,0.5,0.5,0.1,0,0,0,0,0,0,0,0,0,0,0,0,N/A,0.2947440376727936,0.09251101321585903,0.3700440528634361,0.8458149779735683,0.8458149779735683,0.2827630934899658,0.05462189788786041,0.15896358543417366,0,0,0,0,0,0,0,0,0,0
aiopscLSTM_(no mean)_normal_KL30_150345_12_0.0001_3_window_12,aiops,3,normal_KL,cLSTM,256,0,0.0001,0.2511013215859031,0.31424375917768,0.33303964757709237,0.36450073421439083,0.3234417173624223,8855070,12,0,200,0,0,0,0,30,0,normal,gated,aerca_based,1.0,1.0,0.2,0.2,0.5,0.5,0.01,0,0,0,0,0,0,0,0,0,0,0,0,N/A,0.5991579737998551,0.5374449339207048,0.5682819383259912,0.5726872246696035,0.8898678414096917,0.3234417173624223,0.033735216711995884,0.15896358543417366,0.059017384104791716,16.944160016045313,34.54106140136719,162.41015625,147.64676904678345,0.7382338452339172,6228.378757875934,1215.09423828125,0,0
aiopsCUTS_PLUS_(no mean)_normal_KL30_150927_12_0.0001_3_window_12,aiops,3,normal_KL,CUTS_PLUS,256,0,0.0001,0.22026431718061673,0.2863436123348019,0.34273127753304006,0.3695790504160551,0.3173825256975038,243998,12,0,200,0,0,0,0,30,0,normal,gated,aerca_based,1.0,1.0,0.2,0.2,0.5,0.5,0.01,0,0,0,0,0,0,0,0,0,0,0,0,N/A,0.5898454658968061,0.5462555066079295,0.5814977973568282,0.5947136563876652,0.6475770925110133,0.3173825256975038,0.05175751037740954,0.15896358543417366,0.06642809943480639,15.053870402861913,1.6924285888671875,20.9970703125,603.3612558841705,3.0168062794208526,1524.1283576493665,2050.9072265625,0,0
aiopsvlinear_(no mean)_normal_KL30_152809_16_0.0001_3_window_16,aiops,3,normal_KL,vlinear,256,0,0.0001,0.23574144486692014,0.31242078580481614,0.34182509505703473,0.38587874947190554,0.3296295793349027,166686,16,0,200,0,0,0,0,30,0,normal,gated,aerca_based,1.0,1.0,0.2,0.2,0.5,0.5,0.01,0,0,0,0,0,0,0,0,0,0,0,0,N/A,0.9429657794676806,0.8859315589353612,1.0,1.0,1.0,0.3296295793349027,0.052028955655978856,0.18469101123595505,0.05582741639459994,17.912346022459456,1.3984832763671875,21.26611328125,29.782783031463623,0.3545569408507574,12959.836546914928,1177.6865234375,0,0
aiopsGVAR_(no mean)_normal_KL30_152939_16_0.0001_3_window_16,aiops,3,normal_KL,GVAR,256,0,0.0001,0.28517110266159695,0.31432192648922697,0.33498098859315634,0.37941487114490935,0.33001810610175636,4575420,16,0,200,0,0,0,0,30,0,normal,gated,aerca_based,1.0,1.0,0.2,0.2,0.5,0.5,0.01,0,0,0,0,0,0,0,0,0,0,0,0,N/A,0.5181683547758813,0.45627376425855515,0.49049429657794674,0.5285171102661597,0.6692015209125475,0.33001810610175636,0.03208817204226933,0.18469101123595505,0.05557160051150014,17.99480293523411,18.215492248535156,87.9228515625,51.46285843849182,0.2573142921924591,17857.53896858226,223.50634765625,0,0
aiopstorai_(no mean)_normal_KL30_153252_16_0.0001_3_window_16,aiops,3,normal_KL,torai,128,0,0.0001,0.2813688212927757,0.36375158428390414,0.39847908745247207,0.42225390790029577,0.3798930231154567,0,16,0,100,0,0,0,0,30,0,normal,gated,aerca_based,1.0,1.0,0.1,0.1,0.5,0.5,0.1,0,0,0,0,0,0,0,0,0,0,0,0,N/A,0.45209693632271314,0.2813688212927757,0.5893536121673004,0.6007604562737643,0.7908745247148289,0.3798930231154567,0.040492705934920624,0.18469101123595505,0,0,0,0,0,0,0,0,0,0
aiopsbaro_(no mean)_normal_KL30_154008_16_0.0001_3_window_16,aiops,3,normal_KL,baro,128,0,0.0001,0.33079847908745247,0.39163498098859345,0.42661596958174947,0.4781896915927335,0.41975964149918543,0,16,0,100,0,0,0,0,30,0,normal,gated,aerca_based,1.0,1.0,0.1,0.1,0.5,0.5,0.1,0,0,0,0,0,0,0,0,0,0,0,0,N/A,0.4045430706699882,0.23574144486692014,0.4600760456273764,0.8479087452471483,0.8479087452471483,0.41975964149918543,0.05145890572060124,0.18469101123595505,0,0,0,0,0,0,0,0,0,0
aiopsrcd_(no mean)_normal_KL30_154109_16_0.0001_3_window_16,aiops,3,normal_KL,rcd,128,0,0.0001,0.19011406844106463,0.27122940430925185,0.2980988593155898,0.34299746514575385,0.28520701309674706,0,16,0,100,0,0,0,0,30,0,normal,gated,aerca_based,1.0,1.0,0.1,0.1,0.5,0.5,0.1,0,0,0,0,0,0,0,0,0,0,0,0,N/A,0.2990297626851973,0.09505703422053231,0.38022813688212925,0.8517110266159695,0.8517110266159695,0.28520701309674706,0.05310915285436695,0.18469101123595505,0,0,0,0,0,0,0,0,0,0
aiopscLSTM_(no mean)_normal_KL30_154619_16_0.0001_3_window_16,aiops,3,normal_KL,cLSTM,256,0,0.0001,0.27756653992395436,0.3231939163498102,0.3403041825095057,0.39559569074778217,0.33817897881586106,8855070,16,0,200,0,0,0,0,30,0,normal,gated,aerca_based,1.0,1.0,0.2,0.2,0.5,0.5,0.01,0,0,0,0,0,0,0,0,0,0,0,0,N/A,0.4844719970951437,0.4372623574144487,0.4790874524714829,0.49049429657794674,0.5285171102661597,0.33817897881586106,0.03325758786600089,0.18469101123595505,0.05560207729557168,17.984939567710057,34.54106140136719,165.0625,182.43803071975708,0.9121901535987854,5037.326901492788,1587.1328125,0,0
aiopsCUTS_PLUS_(no mean)_normal_KL30_155221_16_0.0001_3_window_16,aiops,3,normal_KL,CUTS_PLUS,256,0,0.0001,0.3155893536121673,0.33586818757921383,0.34600760456273816,0.3711026615969583,0.34279859979479765,243998,16,0,200,0,0,0,0,30,0,normal,gated,aerca_based,1.0,1.0,0.2,0.2,0.5,0.5,0.01,0,0,0,0,0,0,0,0,0,0,0,0,N/A,0.48895963748294713,0.4372623574144487,0.4790874524714829,0.5019011406844106,0.5665399239543726,0.34279859979479765,0.017185059738164893,0.18469101123595505,0.05502393037194082,18.17391075556364,1.6924285888671875,21.0,822.6217815876007,4.113108907938003,1117.159818241618,2685.8525390625,0,0
aiopsvlinear_(no mean)_normal_KL30_161700_20_0.0001_3_window_20,aiops,3,normal_KL,vlinear,256,0,0.0001,0.23076923076923078,0.30769230769230765,0.335785953177258,0.37691378669639575,0.3225500345065565,169766,20,0,200,0,0,0,0,30,0,normal,gated,aerca_based,1.0,1.0,0.2,0.2,0.5,0.5,0.01,0,0,0,0,0,0,0,0,0,0,0,0,N/A,0.9414715719063546,0.8862876254180602,1.0,1.0,1.0,0.3225500345065565,0.05070867789869309,0.21056338028169014,0.0568233485205915,17.598399707782487,1.4107818603515625,21.4619140625,30.74736189842224,0.41550489051921946,11051.61480593354,1485.953125,0,0
aiopsGVAR_(no mean)_normal_KL30_161825_20_0.0001_3_window_20,aiops,3,normal_KL,GVAR,256,0,0.0001,0.27759197324414714,0.3216276477146045,0.33210702341137155,0.380908584169454,0.3311200031852207,5795532,20,0,200,0,0,0,0,30,0,normal,gated,aerca_based,1.0,1.0,0.2,0.2,0.5,0.5,0.01,0,0,0,0,0,0,0,0,0,0,0,0,N/A,0.4557957238199584,0.38461538461538464,0.4414715719063545,0.4882943143812709,0.5886287625418061,0.3311200031852207,0.029344471682652088,0.21056338028169014,0.057111974543951026,17.509462910102,22.869850158691406,106.564453125,66.13149762153625,0.33065748810768125,13887.482259299624,280.97119140625,0,0
aiopstorai_(no mean)_normal_KL30_162134_20_0.0001_3_window_20,aiops,3,normal_KL,torai,128,0,0.0001,0.27424749163879597,0.3556298773690083,0.3933110367892985,0.422064288368636,0.37685857620640245,0,20,0,100,0,0,0,0,30,0,normal,gated,aerca_based,1.0,1.0,0.1,0.1,0.5,0.5,0.1,0,0,0,0,0,0,0,0,0,0,0,0,N/A,0.446042830233235,0.27424749163879597,0.5719063545150501,0.6086956521739131,0.802675585284281,0.37685857620640245,0.04309328098455586,0.21056338028169014,0,0,0,0,0,0,0,0,0,0
aiopsbaro_(no mean)_normal_KL30_162854_20_0.0001_3_window_20,aiops,3,normal_KL,baro,128,0,0.0001,0.34782608695652173,0.4035674470457082,0.44013377926421365,0.4932274247491628,0.4345017784148218,0,20,0,100,0,0,0,0,30,0,normal,gated,aerca_based,1.0,1.0,0.1,0.1,0.5,0.5,0.1,0,0,0,0,0,0,0,0,0,0,0,0,N/A,0.4169991927113367,0.25418060200668896,0.46488294314381273,0.8461538461538461,0.8461538461538461,0.4345017784148218,0.05055449991262445,0.21056338028169014,0,0,0,0,0,0,0,0,0,0
aiopsrcd_(no mean)_normal_KL30_162958_20_0.0001_3_window_20,aiops,3,normal_KL,rcd,128,0,0.0001,0.1939799331103679,0.27424749163879575,0.29966555183946536,0.34339464882943116,0.2870624303233,0,20,0,100,0,0,0,0,30,0,normal,gated,aerca_based,1.0,1.0,0.1,0.1,0.5,0.5,0.1,0,0,0,0,0,0,0,0,0,0,0,0,N/A,0.3022834736477915,0.09698996655518395,0.3879598662207358,0.8561872909698997,0.8561872909698997,0.2870624303233,0.05196440990925581,0.21056338028169014,0,0,0,0,0,0,0,0,0,0
aiopscLSTM_(no mean)_normal_KL30_163525_20_0.0001_3_window_20,aiops,3,normal_KL,cLSTM,256,0,0.0001,0.27424749163879597,0.30602006688963246,0.3230769230769233,0.35732998885172834,0.31841097308488636,8855070,20,0,200,0,0,0,0,30,0,normal,gated,aerca_based,1.0,1.0,0.2,0.2,0.5,0.5,0.01,0,0,0,0,0,0,0,0,0,0,0,0,N/A,0.41713915853616906,0.3745819397993311,0.3979933110367893,0.43812709030100333,0.4414715719063545,0.31841097308488636,0.026764391050320562,0.21056338028169014,0.05523357263775574,18.104930610924033,34.54106140136719,162.22802734375,220.1470410823822,1.100735205411911,4171.757183219744,1951.28759765625,0,0
aiopsCUTS_PLUS_(no mean)_normal_KL30_164241_20_0.0001_3_window_20,aiops,3,normal_KL,CUTS_PLUS,256,0,0.0001,0.2976588628762542,0.2998885172798218,0.3304347826086959,0.33990152359717657,0.3181444762966504,243998,20,0,200,0,0,0,0,30,0,normal,gated,aerca_based,1.0,1.0,0.2,0.2,0.5,0.5,0.01,0,0,0,0,0,0,0,0,0,0,0,0,N/A,0.43157764627116746,0.38127090301003347,0.4280936454849498,0.4414715719063545,0.45484949832775917,0.3181444762966504,0.017892320541831572,0.21056338028169014,0.05355399268925389,18.67274408095924,1.6924285888671875,21.0029296875,1032.756221294403,5.163781106472015,889.2708473340641,3318.4619140625,0,0

scheme,dataset_name,seed,correlated_KL,architecture,hidden_layer_size,num_attention_heads,lr,AC@1,AC@3,AC@5,AC@10,Avg@10,total_params,window_size,early_stopping,num_epochs,AMOC_Loss,mean_std_recon_loss,outer_hidden_dim,outer_heads_num,num_vars,alpha_lv,time_freq_representation,combine_method,main_model,encoder_alpha,decoder_alpha,encoder_gamma (smooth),decoder_gamma,encoder_lambda (sparse),decoder_lambda,beta,AC@1_metric,AC@3_metric,AC@5_metric,AC@10_metric,AC@1_node,AC@3_node,AC@5_node,AC@10_node,AC@1_service,AC@3_service,AC@5_service,AC@10_service,RCA_coverage,mrr,hr@1,hr@3,hr@5,hr@10,auc@10,std_ac,coverage,avg_time,throughput,model_mem_mb,peak_mem_mb,train_total_time,train_avg_epoch_time,train_throughput,train_peak_mem_mb,temporal_mixer,disable_orth_proj

aiopsvlinear_(no mean)_normal_KL02_195520_8_0.0001_1_window_8,aiops,1,normal_KL,vlinear,256,0,0.0001,0.3507853403141361,0.4101221640488656,0.4513089005235604,0.5109802210587554,0.4458455912906176,160526,8,0,200,0,0,0,0,30,0,normal,gated,aerca_based,1.0,1.0,0.2,0.2,0.5,0.5,0.01,0,0,0,0,0,0,0,0,0,0,0,0,N/A,0.8534031413612565,0.7068062827225131,1.0,1.0,1.0,0.4458455912906176,0.05585882489463728,0.13337988826815642,0.05742247566502756,17.414783817985708,1.3742523193359375,20.8759765625,16.102505683898926,0.18723843818487124,24572.94583635209,562.59326171875,0,0,0
aiopsvlinear_(no mean)_normal_KL02_195807_8_0.0001_1_window_8 (instead of max -> attn),aiops,1,normal_KL,vlinear,256,0,0.0001,0.29842931937172773,0.37521815008726006,0.40942408376963346,0.45862420011634697,0.3971544918141777,193551,8,0,200,0,0,0,0,30,0,normal,gated,aerca_based,1.0,1.0,0.2,0.2,0.5,0.5,0.01,0,0,0,0,0,0,0,0,0,0,0,0,N/A,0.9057591623036649,0.8115183246073299,1.0,1.0,1.0,0.3971544918141777,0.055641335824773465,0.13337988826815642,0.0995439996269985,10.045808926174374,1.5002326965332031,21.3359375,45.89439797401428,0.22947198987007142,20050.37740163894,563.09912109375,0,0,0
aiopsvlinear_(no mean)_normal_KL02_200115_8_0.0001_1_window_8 (attn+max),aiops,1,normal_KL,vlinear,256,0,0.0001,0.3403141361256545,0.4013961605584642,0.4418848167539269,0.4993455497382201,0.4353440538519074,193551,8,0,200,0,0,0,0,30,0,normal,gated,aerca_based,1.0,1.0,0.2,0.2,0.5,0.5,0.01,0,0,0,0,0,0,0,0,0,0,0,0,N/A,0.856020942408377,0.7120418848167539,1.0,1.0,1.0,0.4353440538519074,0.055459883835879395,0.13337988826815642,0.05743686566178087,17.410420789472347,1.5002326965332031,22.2109375,26.587157726287842,0.2658715772628784,17305.3473687065,644.4716796875,0,0,0
aiopsvlinear_(no mean)_normal_KL02_200508_8_0.0001_1_window_8 (max || mean),aiops,1,normal_KL,vlinear,256,0,0.0001,0.21465968586387435,0.29842931937172773,0.3298429319371727,0.3737492728330427,0.31445981883154667,291598,8,0,200,0,0,0,0,30,0,normal,gated,aerca_based,1.0,1.0,0.2,0.2,0.5,0.5,0.01,0,0,0,0,0,0,0,0,0,0,0,0,N/A,0.9607329842931938,0.9214659685863874,1.0,1.0,1.0,0.31445981883154667,0.05542460961451913,0.13337988826815642,0.05615625206712653,17.80745621706818,1.8742523193359375,22.9638671875,21.797683238983154,0.2056385211224826,22374.212646956104,564.59228515625,0,0,0
aiopsvlinear_(no mean)_normal_KL02_201058_8_0.0001_1_window_8 (no inverse orth),aiops,1,normal_KL,vlinear,256,0,0.0001,0.08900523560209424,0.19284467713787082,0.2382198952879581,0.3043484584060498,0.2234914402060999,193551,8,0,200,0,0,0,0,30,0,normal,gated,aerca_based,1.0,1.0,0.2,0.2,0.5,0.5,0.01,0,0,0,0,0,0,0,0,0,0,0,0,N/A,0.9554973821989529,0.9109947643979057,1.0,1.0,1.0,0.2234914402060999,0.0761489154684217,0.13337988826815642,0.08114043829952859,12.324311045850116,1.5002326965332031,21.00244140625,30.241726875305176,0.18001027901967367,25559.65151021819,562.71875,0,0,0
aiopsvlinear_(no mean)_normal_KL02_201512_8_0.0001_1_window_8 (smaller vf),aiops,1,normal_KL,vlinear,256,0,0.0001,0.3507853403141361,0.4101221640488656,0.4513089005235604,0.5121436881908089,0.446242416687443,27150,8,0,200,0,0,0,0,30,0,normal,gated,aerca_based,1.0,1.0,0.2,0.2,0.5,0.5,0.01,0,0,0,0,0,0,0,0,0,0,0,0,N/A,0.8586387434554974,0.7172774869109948,1.0,1.0,1.0,0.446242416687443,0.05621410271600391,0.13337988826815642,0.060727536366248,16.46699437910664,0.8654632568359375,18.7822265625,7.748441457748413,0.1844867013749622,24939.4669952315,560.55712890625,0,0,0
aiopsvlinear_(no mean)_normal_KL02_201929_8_0.0001_1_window_8 (smaller vf no d1),aiops,1,normal_KL,vlinear,256,0,0.0001,0.3507853403141361,0.4101221640488656,0.4513089005235604,0.5121436881908089,0.446242416687443,27150,8,0,200,0,0,0,0,30,0,normal,gated,aerca_based,1.0,1.0,0.2,0.2,0.5,0.5,0.01,0,0,0,0,0,0,0,0,0,0,0,0,N/A,0.8586387434554974,0.7172774869109948,1.0,1.0,1.0,0.446242416687443,0.05621410271600391,0.13337988826815642,0.05623249857837617,17.783310812807155,0.8654632568359375,18.693359375,32.566903829574585,0.16283451914787292,28255.67959470406,560.49853515625,0,0,0
aiopsvlinear_(no mean)_normal_KL02_202639_8_0.0001_1_window_8 (no orth but with d),aiops,1,normal_KL,vlinear,256,0,0.0001,0.3507853403141361,0.4101221640488656,0.4513089005235604,0.5121436881908089,0.446242416687443,27150,8,0,200,0,0,0,0,30,0,normal,gated,aerca_based,1.0,1.0,0.2,0.2,0.5,0.5,0.01,0,0,0,0,0,0,0,0,0,0,0,0,N/A,0.8586387434554974,0.7172774869109948,1.0,1.0,1.0,0.446242416687443,0.05621410271600391,0.13337988826815642,0.05492708820323045,18.20595325024323,0.8654632568359375,18.69140625,34.451786279678345,0.1722589313983917,26709.790677611025,560.49853515625,0,0,0
aiopsvlinear_(no mean)_normal_KL02_202931_8_0.0001_1_window_8 (no orth but no d),aiops,1,normal_KL,vlinear,256,0,0.0001,0.08900523560209424,0.10471204188481675,0.10680628272251316,0.39333915066899383,0.23455705144186828,27150,8,0,200,0,0,0,0,30,0,normal,gated,aerca_based,1.0,1.0,0.2,0.2,0.5,0.5,0.01,0,0,0,0,0,0,0,0,0,0,0,0,N/A,0.8586387434554974,0.7172774869109948,1.0,1.0,1.0,0.23455705144186828,0.1318680604936256,0.13337988826815642,0.05646541605445103,17.70995540058847,0.8654632568359375,18.78125,35.53929901123047,0.17769649505615234,25892.46343067193,560.55712890625,0,0,0
aiopsvlinear_(no mean)_normal_KL02_205119_8_0.0001_1_window_8 (with baro),aiops,1,normal_KL,vlinear,256,0,0.0001,0.2931937172774869,0.35078534031413605,0.37591623036649213,0.4241855730075628,0.3670988116014295,27406,8,0,200,0,0,0,0,30,0,normal,gated,aerca_based,1.0,1.0,0.2,0.2,0.5,0.5,0.01,0,0,0,0,0,0,0,0,0,0,0,0,N/A,0.7044359069245532,0.680628272251309,0.7015706806282722,0.7015706806282722,0.7015706806282722,0.3670988116014295,0.042573699926313505,0.13337988826815642,0.05638914707443477,17.73390895024499,0.8661956787109375,18.9521484375,53.62447762489319,0.2681223881244659,17160.07392066102,679.2158203125,0,0,0
