scheme,dataset_name,seed,correlated_KL,architecture,hidden_layer_size,num_attention_heads,lr,AC@1,AC@3,AC@5,AC@10,Avg@10,total_params,flops,window_size,early_stopping,num_epochs,AMOC_Loss,mean_std_recon_loss,outer_hidden_dim,outer_heads_num,num_vars,alpha_lv,time_freq_representation,combine_method,main_model,encoder_alpha,decoder_alpha,encoder_gamma (smooth),decoder_gamma,encoder_lambda (sparse),decoder_lambda,beta,AC@1_metric,AC@3_metric,AC@5_metric,AC@10_metric,AC@1_node,AC@3_node,AC@5_node,AC@10_node,AC@1_service,AC@3_service,AC@5_service,AC@10_service,RCA_coverage,mrr,hr@1,hr@3,hr@5,hr@10,auc@10,std_ac,coverage,avg_time,throughput,model_mem_mb,peak_mem_mb,train_total_time,train_avg_epoch_time,train_throughput,train_peak_mem_mb,temporal_mixer,disable_orth_proj,avg_power_w,total_energy_j,joules_per_sample
batadalvlinear_(no mean)_normal_KL29_155028_16_0.0001_1_window_16,batadal,1,normal_KL,vlinear,256,0,0.0001,0.42857142857142855,0.23809523809523808,0.19999999999999998,0.27261904761904765,0.2552891156462585,279445,0,16,0,200,0,0,128,2,43,0,normal,gated,aerca_based,1.0,1.0,0.5,0.5,0.5,0.5,0.005,0,0,0,0,0,0,0,0,0,0,0,0,N/A,0.4099906629318394,0.2857142857142857,0.42857142857142855,0.5714285714285714,0.5714285714285714,0.2552891156462585,0.07709832703477373,1.0,0.021957689714067134,45.5421318463824,1.839141845703125,521.859375,0,0,0,0,1,0,3.7686302336797373,0.5548653595416698,0.07926647993452426
batadalGVAR_(no mean)_normal_KL29_155035_16_0.0001_1_window_16,batadal,1,normal_KL,GVAR,256,0,0.0001,0.14285714285714285,0.14285714285714285,0.14285714285714285,0.2261904761904762,0.18408163265306124,14205015,0,16,0,200,0,0,128,2,43,0,normal,gated,aerca_based,1.0,1.0,0.5,0.5,0.5,0.5,0.005,0,0,0,0,0,0,0,0,0,0,0,0,N/A,0.17627555583950932,0.0,0.2857142857142857,0.2857142857142857,0.2857142857142857,0.18408163265306124,0.03154614753522121,1.0,0.05200887785706852,19.22748656004871,54.959999084472656,595.515625,0,0,0,0,1,0,4.465804706519499,1.4403738512060096,0.20576769302942993
batadalcLSTM_(no mean)_normal_KL29_155044_16_0.0001_1_window_16,batadal,1,normal_KL,cLSTM,256,0,0.0001,0.42857142857142855,0.23809523809523808,0.17142857142857143,0.2547619047619048,0.2376360544217687,13264683,0,16,0,200,0,0,128,2,43,0,normal,gated,aerca_based,1.0,1.0,0.5,0.5,0.5,0.5,0.005,0,0,0,0,0,0,0,0,0,0,0,0,N/A,0.22356423338566198,0.14285714285714285,0.14285714285714285,0.2857142857142857,0.42857142857142855,0.2376360544217687,0.07298720780151086,1.0,0.1131227631425905,8.839953800805825,51.37291717529297,559.671875,0,0,0,0,1,0,5.03604101998375,3.7692142124193664,0.5384591732027666
batadalcMLP_(no mean)_normal_KL29_155053_16_0.0001_1_window_16,batadal,1,normal_KL,cMLP,256,0,0.0001,0.42857142857142855,0.19047619047619047,0.17142857142857143,0.25952380952380955,0.22358843537414966,7122219,0,16,0,200,0,0,128,2,43,0,normal,gated,aerca_based,1.0,1.0,0.5,0.5,0.5,0.5,0.005,0,0,0,0,0,0,0,0,0,0,0,0,N/A,0.2864006864006864,0.14285714285714285,0.2857142857142857,0.42857142857142855,0.8571428571428571,0.22358843537414966,0.07297222700274156,1.0,0.017179892285639653,58.20758264217297,27.94127655029297,551.9375,0,0,0,0,1,0,4.79459921162072,0.4525151390736574,0.06464501986766534
batadaldeep_mlp_(no mean)_normal_KL29_155101_16_0.0001_1_window_16,batadal,1,normal_KL,deep_mlp,256,0,0.0001,0.2857142857142857,0.09523809523809523,0.1142857142857143,0.10595238095238095,0.12384353741496601,42615045,0,16,0,200,0,0,128,2,43,0,normal,gated,aerca_based,1.0,1.0,0.5,0.5,0.5,0.5,0.005,0,0,0,0,0,0,0,0,0,0,0,0,N/A,0.3888955582232893,0.2857142857142857,0.2857142857142857,0.5714285714285714,0.8571428571428571,0.12384353741496601,0.05583728832389203,1.0,0.18894021442883968,5.292679501941757,163.33566284179688,834.046875,0,0,0,0,1,0,4.386706584571805,5.633615949540486,0.8048022785057837
batadalCUTS_PLUS_(no mean)_normal_KL29_155111_16_0.0001_1_window_16,batadal,1,normal_KL,CUTS_PLUS,256,0,0.0001,0.2857142857142857,0.14285714285714285,0.14285714285714285,0.23095238095238096,0.17146258503401363,265828,0,16,0,200,0,0,128,2,43,0,normal,gated,aerca_based,1.0,1.0,0.5,0.5,0.5,0.5,0.005,0,0,0,0,0,0,0,0,0,0,0,0,N/A,0.34358974358974365,0.14285714285714285,0.42857142857142855,0.7142857142857143,0.7142857142857143,0.17146258503401363,0.0470769557343145,1.0,0.10338009971435115,9.673041550192863,1.7862205505371094,508.921875,0,0,0,0,1,0,3.790742384714421,2.5626239506084425,0.36608913580120606
batadaliTransformer_(no mean)_normal_KL29_155119_16_0.0001_1_window_16,batadal,1,normal_KL,iTransformer,256,0,0.0001,0.0,0.0,0.028571428571428574,0.20357142857142857,0.07430272108843539,800015,0,16,0,200,0,0,128,2,43,0,normal,gated,aerca_based,1.0,1.0,0.5,0.5,0.5,0.5,0.005,0,0,0,0,0,0,0,0,0,0,0,0,N/A,0.07840328479273713,0.0,0.14285714285714285,0.14285714285714285,0.14285714285714285,0.07430272108843539,0.07175917377113264,1.0,0.009671683571208891,103.39461507785941,3.8239822387695312,512.1875,0,0,0,0,1,0,4.32924808192538,0.20038309617169214,0.02862615659595602
batadalTimeMixerpp_(no mean)_normal_KL29_155126_16_0.0001_1_window_16,batadal,1,normal_KL,TimeMixerpp,256,0,0.0001,0.0,0.0,0.08571428571428573,0.15833333333333335,0.06418367346938776,576557,0,16,0,200,0,0,128,2,43,0,normal,gated,aerca_based,1.0,1.0,0.5,0.5,0.5,0.5,0.005,0,0,0,0,0,0,0,0,0,0,0,0,N/A,0.07387298985920407,0.0,0.0,0.0,0.2857142857142857,0.06418367346938776,0.048101852733371815,1.0,0.014350655285722626,69.68322909929371,7.8543701171875,518.75,0,0,0,0,1,0,4.481191218581133,0.421398523714347,0.060199789102049574
batadalvlinear_(no mean)_normal_KL29_155133_16_0.0001_2_window_16,batadal,2,normal_KL,vlinear,256,0,0.0001,0.2857142857142857,0.23809523809523808,0.17142857142857146,0.20476190476190476,0.2065986394557823,279445,0,16,0,200,0,0,128,2,43,0,normal,gated,aerca_based,1.0,1.0,0.5,0.5,0.5,0.5,0.005,0,0,0,0,0,0,0,0,0,0,0,0,N/A,0.44331678617392906,0.2857142857142857,0.5714285714285714,0.5714285714285714,0.8571428571428571,0.2065986394557823,0.0447696967144407,1.0,0.01960999828549705,50.99439507547378,1.839141845703125,521.234375,0,0,0,0,1,0,4.41276427907735,0.4371131658047497,0.062444737972107096
batadalGVAR_(no mean)_normal_KL29_155140_16_0.0001_2_window_16,batadal,2,normal_KL,GVAR,256,0,0.0001,0.0,0.14285714285714285,0.14285714285714285,0.22738095238095238,0.14549319727891158,14205015,0,16,0,200,0,0,128,2,43,0,normal,gated,aerca_based,1.0,1.0,0.5,0.5,0.5,0.5,0.005,0,0,0,0,0,0,0,0,0,0,0,0,N/A,0.22037105751391464,0.14285714285714285,0.2857142857142857,0.2857142857142857,0.2857142857142857,0.14549319727891158,0.062211258613856575,1.0,0.055101606857013916,18.148291076065224,54.959999084472656,593.4375,0,0,0,0,1,0,4.357754126631371,1.6495924153729975,0.23565605933899963
batadalcLSTM_(no mean)_normal_KL29_155148_16_0.0001_2_window_16,batadal,2,normal_KL,cLSTM,256,0,0.0001,0.42857142857142855,0.19047619047619047,0.14285714285714285,0.14523809523809522,0.19455782312925168,13264683,0,16,0,200,0,0,128,2,43,0,normal,gated,aerca_based,1.0,1.0,0.5,0.5,0.5,0.5,0.005,0,0,0,0,0,0,0,0,0,0,0,0,N/A,0.22799554456757237,0.14285714285714285,0.14285714285714285,0.42857142857142855,0.42857142857142855,0.19455782312925168,0.08889207037668015,1.0,0.11389943714285826,8.779674641813646,51.37291717529297,559.671875,0,0,0,0,1,0,4.807802338187483,3.7993142390424173,0.5427591770060596
batadalcMLP_(no mean)_normal_KL29_155158_16_0.0001_2_window_16,batadal,2,normal_KL,cMLP,256,0,0.0001,0.2857142857142857,0.14285714285714285,0.1142857142857143,0.13452380952380952,0.15003401360544216,7122219,0,16,0,200,0,0,128,2,43,0,normal,gated,aerca_based,1.0,1.0,0.5,0.5,0.5,0.5,0.005,0,0,0,0,0,0,0,0,0,0,0,0,N/A,0.36809056956115777,0.2857142857142857,0.2857142857142857,0.42857142857142855,0.8571428571428571,0.15003401360544216,0.05344211798769218,1.0,0.018327848571321477,54.56177772904296,27.94127655029297,552.59375,0,0,0,0,1,0,4.5896338479809025,0.41226333804705606,0.058894762578150864
batadaldeep_mlp_(no mean)_normal_KL29_155206_16_0.0001_2_window_16,batadal,2,normal_KL,deep_mlp,256,0,0.0001,0.2857142857142857,0.14285714285714285,0.17142857142857146,0.1869047619047619,0.168843537414966,42615045,0,16,0,200,0,0,128,2,43,0,normal,gated,aerca_based,1.0,1.0,0.5,0.5,0.5,0.5,0.005,0,0,0,0,0,0,0,0,0,0,0,0,N/A,0.3013543599257885,0.14285714285714285,0.2857142857142857,0.5714285714285714,0.5714285714285714,0.168843537414966,0.041336523525187865,1.0,0.1636787822859073,6.109527368386952,163.33566284179688,833.96875,0,0,0,0,1,0,4.35122126701654,4.986695839145833,0.7123851198779761
batadalCUTS_PLUS_(no mean)_normal_KL29_155216_16_0.0001_2_window_16,batadal,2,normal_KL,CUTS_PLUS,256,0,0.0001,0.2857142857142857,0.19047619047619047,0.17142857142857146,0.29642857142857143,0.22957482993197278,265828,0,16,0,200,0,0,128,2,43,0,normal,gated,aerca_based,1.0,1.0,0.5,0.5,0.5,0.5,0.005,0,0,0,0,0,0,0,0,0,0,0,0,N/A,0.5306122448979591,0.2857142857142857,0.7142857142857143,0.7142857142857143,0.8571428571428571,0.22957482993197278,0.04361238297356055,1.0,0.11125610071420462,8.988271147204829,1.7862205505371094,509.171875,0,0,0,0,1,0,3.634539341003438,2.673579595680686,0.381939942240098
batadaliTransformer_(no mean)_normal_KL29_155224_16_0.0001_2_window_16,batadal,2,normal_KL,iTransformer,256,0,0.0001,0.14285714285714285,0.09523809523809523,0.1142857142857143,0.19047619047619047,0.1364285714285714,800015,0,16,0,200,0,0,128,2,43,0,normal,gated,aerca_based,1.0,1.0,0.5,0.5,0.5,0.5,0.005,0,0,0,0,0,0,0,0,0,0,0,0,N/A,0.06278783994504429,0.0,0.0,0.14285714285714285,0.14285714285714285,0.1364285714285714,0.024927332029043296,1.0,0.009306647428404955,107.45007884878989,3.8239822387695312,512.15625,0,0,0,0,1,0,4.511374445285865,0.20692722229364907,0.029561031756235583
batadalTimeMixerpp_(no mean)_normal_KL29_155231_16_0.0001_2_window_16,batadal,2,normal_KL,TimeMixerpp,256,0,0.0001,0.14285714285714285,0.047619047619047616,0.08571428571428573,0.15595238095238098,0.11573129251700683,576557,0,16,0,200,0,0,128,2,43,0,normal,gated,aerca_based,1.0,1.0,0.5,0.5,0.5,0.5,0.005,0,0,0,0,0,0,0,0,0,0,0,0,N/A,0.03724030923234407,0.0,0.0,0.0,0.0,0.11573129251700683,0.034921741541643604,1.0,0.018785338856754867,53.23300301503042,7.8543701171875,518.78125,0,0,0,0,1,0,3.8314930441686563,0.3590083520642384,0.051286907437748344
batadalvlinear_(no mean)_normal_KL29_155238_16_0.0001_3_window_16,batadal,3,normal_KL,vlinear,256,0,0.0001,0.42857142857142855,0.2857142857142857,0.17142857142857146,0.2630952380952381,0.2527721088435374,279445,0,16,0,200,0,0,128,2,43,0,normal,gated,aerca_based,1.0,1.0,0.5,0.5,0.5,0.5,0.005,0,0,0,0,0,0,0,0,0,0,0,0,N/A,0.4091269841269841,0.2857142857142857,0.42857142857142855,0.42857142857142855,0.8571428571428571,0.2527721088435374,0.07937590811288668,1.0,0.019250729285626482,51.94608397234322,1.839141845703125,521.28125,0,0,0,0,1,0,4.840407725152711,0.4728351236645615,0.06754787480922307
batadalGVAR_(no mean)_normal_KL29_155245_16_0.0001_3_window_16,batadal,3,normal_KL,GVAR,256,0,0.0001,0.14285714285714285,0.14285714285714285,0.17142857142857146,0.21547619047619046,0.18505102040816326,14205015,0,16,0,200,0,0,128,2,43,0,normal,gated,aerca_based,1.0,1.0,0.5,0.5,0.5,0.5,0.005,0,0,0,0,0,0,0,0,0,0,0,0,N/A,0.3868256604967568,0.2857142857142857,0.2857142857142857,0.42857142857142855,0.8571428571428571,0.18505102040816326,0.025485867075926257,1.0,0.053431830571493526,18.71543589849439,54.959999084472656,599.15625,0,0,0,0,1,0,4.374826730261349,1.6609196382559053,0.2372742340365579
batadalcLSTM_(no mean)_normal_KL29_155254_16_0.0001_3_window_16,batadal,3,normal_KL,cLSTM,256,0,0.0001,0.2857142857142857,0.23809523809523808,0.19999999999999998,0.230952380952381,0.23335034013605443,13264683,0,16,0,200,0,0,128,2,43,0,normal,gated,aerca_based,1.0,1.0,0.5,0.5,0.5,0.5,0.005,0,0,0,0,0,0,0,0,0,0,0,0,N/A,0.13673391327155096,0.0,0.14285714285714285,0.42857142857142855,0.42857142857142855,0.23335034013605443,0.02814597077354626,1.0,0.1183811530001029,8.44729059193342,51.37291717529297,608.4375,0,0,0,0,1,0,4.664158236126718,3.731309866830234,0.5330442666900334
batadalcMLP_(no mean)_normal_KL29_155303_16_0.0001_3_window_16,batadal,3,normal_KL,cMLP,256,0,0.0001,0.2857142857142857,0.14285714285714285,0.1142857142857143,0.13452380952380952,0.14171768707482993,7122219,0,16,0,200,0,0,128,2,43,0,normal,gated,aerca_based,1.0,1.0,0.5,0.5,0.5,0.5,0.005,0,0,0,0,0,0,0,0,0,0,0,0,N/A,0.3927295918367347,0.2857142857142857,0.2857142857142857,0.5714285714285714,0.8571428571428571,0.14171768707482993,0.05040312810513028,1.0,0.015561108428690724,64.2627743764226,27.94127655029297,553.859375,0,0,0,0,1,0,3.9204835861904592,0.4034239733237964,0.05763199618911378
batadaldeep_mlp_(no mean)_normal_KL29_155311_16_0.0001_3_window_16,batadal,3,normal_KL,deep_mlp,256,0,0.0001,0.2857142857142857,0.14285714285714285,0.14285714285714285,0.11666666666666667,0.14574829931972788,42615045,0,16,0,200,0,0,128,2,43,0,normal,gated,aerca_based,1.0,1.0,0.5,0.5,0.5,0.5,0.005,0,0,0,0,0,0,0,0,0,0,0,0,N/A,0.38448773448773454,0.2857142857142857,0.2857142857142857,0.5714285714285714,0.8571428571428571,0.14574829931972788,0.047990834830026766,1.0,0.1776551562856444,5.6288824985869885,163.33566284179688,833.984375,0,0,0,0,1,0,4.393444967579317,5.335594249446378,0.7622277499209111
batadalCUTS_PLUS_(no mean)_normal_KL29_155321_16_0.0001_3_window_16,batadal,3,normal_KL,CUTS_PLUS,256,0,0.0001,0.14285714285714285,0.19047619047619047,0.17142857142857146,0.3011904761904762,0.19539115646258504,265828,0,16,0,200,0,0,128,2,43,0,normal,gated,aerca_based,1.0,1.0,0.5,0.5,0.5,0.5,0.005,0,0,0,0,0,0,0,0,0,0,0,0,N/A,0.4408521303258145,0.2857142857142857,0.42857142857142855,0.7142857142857143,0.7142857142857143,0.19539115646258504,0.0452645854873127,1.0,0.10476255285707989,9.545395494172704,1.7862205505371094,508.984375,0,0,0,0,1,0,3.7920081823551293,2.7142480359275236,0.3877497194182177
batadaliTransformer_(no mean)_normal_KL29_155329_16_0.0001_3_window_16,batadal,3,normal_KL,iTransformer,256,0,0.0001,0.0,0.0,0.07619047619047618,0.1464285714285714,0.0764455782312925,800015,0,16,0,200,0,0,128,2,43,0,normal,gated,aerca_based,1.0,1.0,0.5,0.5,0.5,0.5,0.005,0,0,0,0,0,0,0,0,0,0,0,0,N/A,0.06110371466487958,0.0,0.0,0.14285714285714285,0.14285714285714285,0.0764455782312925,0.06624546982748455,1.0,0.009401265714326914,106.36865613489313,3.8239822387695312,512.15625,0,0,0,0,1,0,4.580916488245185,0.20222924923174118,0.028889892747391597
batadalTimeMixerpp_(no mean)_normal_KL29_155336_16_0.0001_3_window_16,batadal,3,normal_KL,TimeMixerpp,256,0,0.0001,0.14285714285714285,0.14285714285714285,0.19047619047619047,0.26785714285714285,0.1950170068027211,576557,0,16,0,200,0,0,128,2,43,0,normal,gated,aerca_based,1.0,1.0,0.5,0.5,0.5,0.5,0.005,0,0,0,0,0,0,0,0,0,0,0,0,N/A,0.10168650793650792,0.0,0.0,0.14285714285714285,0.42857142857142855,0.1950170068027211,0.042239916808439575,1.0,0.013899478714198008,71.94514417137977,7.8543701171875,518.75,0,0,0,0,1,0,4.006500697508083,0.37258900497243763,0.053227000710348235
