scheme,dataset_name,seed,correlated_KL,architecture,attention_dim,num_attention_heads,lr,AC@1,AC@3,AC@5,AC@10,Avg@10,total_params,window_size,early_stopping,num_epochs,AMOC_Loss,mean_std_recon_loss,outer_hidden_dim,outer_heads_num,num_vars,alpha_lv
lotka_volterradeep_mlp_(no mean)_normal_KL17_090615_7_0.0001_1_window_7,lotka_volterra,1,normal_KL,deep_mlp,32,2,0.0001,0.54,0.4000000000000003,0.4056666666666668,0.6051666666666665,0.47663333333333335,1810200,7,0,100,0,0,32,2,40,0.1
lotka_volterradeep_mlp_(no mean)_normal_KL17_090928_7_0.0001_2_window_7,lotka_volterra,2,normal_KL,deep_mlp,32,2,0.0001,0.5,0.4266666666666667,0.41633333333333333,0.6160000000000001,0.4917166666666667,1810200,7,0,100,0,0,32,2,40,0.1
lotka_volterradeep_mlp_(no mean)_normal_KL17_091242_7_0.0001_3_window_7,lotka_volterra,3,normal_KL,deep_mlp,32,2,0.0001,0.58,0.44666666666666677,0.4431666666666668,0.6406666666666666,0.5212166666666667,1810200,7,0,100,0,0,32,2,40,0.1
lotka_volterraTemporalGNN_Attention_(no mean)_normal_KL17_091418_7_0.0001_1_window_7,lotka_volterra,1,normal_KL,TemporalGNN_Attention,32,2,0.0001,0.88,0.6466666666666663,0.5706666666666667,0.7671666666666666,0.6881833333333333,319487,7,0,100,0,0,32,2,40,0.1
lotka_volterraTemporalGNN_Attention_(no mean)_normal_KL17_091645_7_0.0001_2_window_7,lotka_volterra,2,normal_KL,TemporalGNN_Attention,32,2,0.0001,0.88,0.6399999999999997,0.6198333333333333,0.7699999999999997,0.7047833333333331,319487,7,0,100,0,0,32,2,40,0.1
lotka_volterraTemporalGNN_Attention_(no mean)_normal_KL17_091913_7_0.0001_3_window_7,lotka_volterra,3,normal_KL,TemporalGNN_Attention,32,2,0.0001,0.89,0.6299999999999998,0.6083333333333333,0.7703333333333332,0.71085,319487,7,0,100,0,0,32,2,40,0.1
lotka_volterraTemporalGNN_Attention_fourier_(no mean)_normal_KL17_092139_7_0.0001_1_window_7,lotka_volterra,1,normal_KL,TemporalGNN_Attention_fourier,32,2,0.0001,0.86,0.6399999999999998,0.5808333333333333,0.7673333333333332,0.6886166666666667,319487,7,0,100,0,0,32,2,40,0.1
lotka_volterraTemporalGNN_Attention_fourier_(no mean)_normal_KL17_092405_7_0.0001_2_window_7,lotka_volterra,2,normal_KL,TemporalGNN_Attention_fourier,32,2,0.0001,0.9,0.6299999999999996,0.6113333333333333,0.7716666666666663,0.7025999999999999,319487,7,0,100,0,0,32,2,40,0.1
lotka_volterraTemporalGNN_Attention_fourier_(no mean)_normal_KL17_092632_7_0.0001_3_window_7,lotka_volterra,3,normal_KL,TemporalGNN_Attention_fourier,32,2,0.0001,0.89,0.623333333333333,0.6016666666666667,0.7669999999999999,0.7096499999999999,319487,7,0,100,0,0,32,2,40,0.1
lotka_volterraTemporalGNN_Attention_crossattn_(no mean)_normal_KL17_092859_7_0.0001_1_window_7,lotka_volterra,1,normal_KL,TemporalGNN_Attention_crossattn,32,2,0.0001,0.87,0.7233333333333333,0.6456666666666665,0.8223333333333329,0.7471166666666665,436319,7,0,100,0,0,32,2,40,0.1
lotka_volterraTemporalGNN_Attention_crossattn_(no mean)_normal_KL17_093217_7_0.0001_2_window_7,lotka_volterra,2,normal_KL,TemporalGNN_Attention_crossattn,32,2,0.0001,0.88,0.7199999999999998,0.6623333333333332,0.808666666666666,0.757633333333333,436319,7,0,100,0,0,32,2,40,0.1
lotka_volterraTemporalGNN_Attention_crossattn_(no mean)_normal_KL17_093536_7_0.0001_3_window_7,lotka_volterra,3,normal_KL,TemporalGNN_Attention_crossattn,32,2,0.0001,0.91,0.6833333333333335,0.644,0.7978333333333328,0.7389666666666665,436319,7,0,100,0,0,32,2,40,0.1
lotka_volterradeep_mlp_(no mean)_normal_KL17_094042_7_0.0001_1_window_7,lotka_volterra,1,normal_KL,deep_mlp,32,2,0.0001,0.54,0.4000000000000003,0.4056666666666668,0.6051666666666665,0.47663333333333335,1810200,7,0,100,0,0,32,2,40,0.2
lotka_volterradeep_mlp_(no mean)_normal_KL17_094404_7_0.0001_2_window_7,lotka_volterra,2,normal_KL,deep_mlp,32,2,0.0001,0.5,0.4266666666666667,0.41633333333333333,0.6160000000000001,0.4914666666666667,1810200,7,0,100,0,0,32,2,40,0.2
lotka_volterradeep_mlp_(no mean)_normal_KL17_094727_7_0.0001_3_window_7,lotka_volterra,3,normal_KL,deep_mlp,32,2,0.0001,0.58,0.44666666666666677,0.4406666666666668,0.6406666666666666,0.5213,1810200,7,0,100,0,0,32,2,40,0.2
lotka_volterraTemporalGNN_Attention_(no mean)_normal_KL17_094908_7_0.0001_1_window_7,lotka_volterra,1,normal_KL,TemporalGNN_Attention,32,2,0.0001,0.85,0.6299999999999998,0.5771666666666666,0.7683333333333331,0.6869,319487,7,0,100,0,0,32,2,40,0.2
lotka_volterraTemporalGNN_Attention_(no mean)_normal_KL17_095134_7_0.0001_2_window_7,lotka_volterra,2,normal_KL,TemporalGNN_Attention,32,2,0.0001,0.86,0.6299999999999999,0.6103333333333333,0.7724999999999995,0.6960499999999998,319487,7,0,100,0,0,32,2,40,0.2
lotka_volterraTemporalGNN_Attention_(no mean)_normal_KL17_095400_7_0.0001_3_window_7,lotka_volterra,3,normal_KL,TemporalGNN_Attention,32,2,0.0001,0.88,0.6266666666666665,0.598,0.7684999999999998,0.7077999999999999,319487,7,0,100,0,0,32,2,40,0.2
lotka_volterraTemporalGNN_Attention_fourier_(no mean)_normal_KL17_095628_7_0.0001_1_window_7,lotka_volterra,1,normal_KL,TemporalGNN_Attention_fourier,32,2,0.0001,0.87,0.6433333333333331,0.5651666666666667,0.7663333333333331,0.6878,319487,7,0,100,0,0,32,2,40,0.2
lotka_volterraTemporalGNN_Attention_fourier_(no mean)_normal_KL17_095855_7_0.0001_2_window_7,lotka_volterra,2,normal_KL,TemporalGNN_Attention_fourier,32,2,0.0001,0.85,0.6333333333333332,0.6096666666666667,0.7616666666666664,0.6988333333333332,319487,7,0,100,0,0,32,2,40,0.2
lotka_volterraTemporalGNN_Attention_fourier_(no mean)_normal_KL17_100123_7_0.0001_3_window_7,lotka_volterra,3,normal_KL,TemporalGNN_Attention_fourier,32,2,0.0001,0.9,0.6299999999999998,0.6018333333333333,0.7619999999999999,0.7086833333333333,319487,7,0,100,0,0,32,2,40,0.2
lotka_volterraTemporalGNN_Attention_crossattn_(no mean)_normal_KL17_100351_7_0.0001_1_window_7,lotka_volterra,1,normal_KL,TemporalGNN_Attention_crossattn,32,2,0.0001,0.88,0.7066666666666666,0.6399999999999997,0.8178333333333329,0.7456999999999997,436319,7,0,100,0,0,32,2,40,0.2
lotka_volterraTemporalGNN_Attention_crossattn_(no mean)_normal_KL17_100710_7_0.0001_2_window_7,lotka_volterra,2,normal_KL,TemporalGNN_Attention_crossattn,32,2,0.0001,0.89,0.7133333333333333,0.6729999999999998,0.8066666666666662,0.7563166666666665,436319,7,0,100,0,0,32,2,40,0.2
lotka_volterraTemporalGNN_Attention_crossattn_(no mean)_normal_KL17_101028_7_0.0001_3_window_7,lotka_volterra,3,normal_KL,TemporalGNN_Attention_crossattn,32,2,0.0001,0.91,0.6766666666666667,0.64,0.8008333333333328,0.7377666666666667,436319,7,0,100,0,0,32,2,40,0.2
lotka_volterradeep_mlp_(no mean)_normal_KL17_101534_7_0.0001_1_window_7,lotka_volterra,1,normal_KL,deep_mlp,32,2,0.0001,0.54,0.4000000000000003,0.4056666666666668,0.6051666666666665,0.47663333333333335,1810200,7,0,100,0,0,32,2,40,0.3
lotka_volterradeep_mlp_(no mean)_normal_KL17_101859_7_0.0001_2_window_7,lotka_volterra,2,normal_KL,deep_mlp,32,2,0.0001,0.5,0.4266666666666667,0.41633333333333333,0.6160000000000001,0.49121666666666675,1810200,7,0,100,0,0,32,2,40,0.3
lotka_volterradeep_mlp_(no mean)_normal_KL17_102224_7_0.0001_3_window_7,lotka_volterra,3,normal_KL,deep_mlp,32,2,0.0001,0.58,0.44666666666666677,0.4426666666666668,0.6406666666666666,0.5217,1810200,7,0,100,0,0,32,2,40,0.3
lotka_volterraTemporalGNN_Attention_(no mean)_normal_KL17_102403_7_0.0001_1_window_7,lotka_volterra,1,normal_KL,TemporalGNN_Attention,32,2,0.0001,0.87,0.6333333333333332,0.5686666666666667,0.7569999999999996,0.6862666666666666,319487,7,0,100,0,0,32,2,40,0.3
lotka_volterraTemporalGNN_Attention_(no mean)_normal_KL17_102632_7_0.0001_2_window_7,lotka_volterra,2,normal_KL,TemporalGNN_Attention,32,2,0.0001,0.88,0.6366666666666664,0.6178333333333333,0.7691666666666663,0.7036999999999999,319487,7,0,100,0,0,32,2,40,0.3
lotka_volterraTemporalGNN_Attention_(no mean)_normal_KL17_102902_7_0.0001_3_window_7,lotka_volterra,3,normal_KL,TemporalGNN_Attention,32,2,0.0001,0.89,0.6266666666666665,0.6036666666666667,0.7689999999999998,0.7094333333333332,319487,7,0,100,0,0,32,2,40,0.3
lotka_volterraTemporalGNN_Attention_fourier_(no mean)_normal_KL17_103132_7_0.0001_1_window_7,lotka_volterra,1,normal_KL,TemporalGNN_Attention_fourier,32,2,0.0001,0.85,0.6399999999999999,0.5706666666666667,0.7613333333333333,0.6840499999999999,319487,7,0,100,0,0,32,2,40,0.3
lotka_volterraTemporalGNN_Attention_fourier_(no mean)_normal_KL17_103359_7_0.0001_2_window_7,lotka_volterra,2,normal_KL,TemporalGNN_Attention_fourier,32,2,0.0001,0.88,0.6399999999999999,0.6153333333333333,0.7616666666666664,0.6993999999999999,319487,7,0,100,0,0,32,2,40,0.3
lotka_volterraTemporalGNN_Attention_fourier_(no mean)_normal_KL17_103628_7_0.0001_3_window_7,lotka_volterra,3,normal_KL,TemporalGNN_Attention_fourier,32,2,0.0001,0.88,0.6233333333333331,0.6045,0.7703333333333332,0.7075666666666667,319487,7,0,100,0,0,32,2,40,0.3
lotka_volterraTemporalGNN_Attention_crossattn_(no mean)_normal_KL17_103856_7_0.0001_1_window_7,lotka_volterra,1,normal_KL,TemporalGNN_Attention_crossattn,32,2,0.0001,0.87,0.7166666666666666,0.651833333333333,0.8124999999999997,0.7475999999999998,436319,7,0,100,0,0,32,2,40,0.3
lotka_volterraTemporalGNN_Attention_crossattn_(no mean)_normal_KL17_104213_7_0.0001_2_window_7,lotka_volterra,2,normal_KL,TemporalGNN_Attention_crossattn,32,2,0.0001,0.89,0.7233333333333332,0.6609999999999998,0.8104999999999996,0.7554833333333331,436319,7,0,100,0,0,32,2,40,0.3
lotka_volterraTemporalGNN_Attention_crossattn_(no mean)_normal_KL17_104532_7_0.0001_3_window_7,lotka_volterra,3,normal_KL,TemporalGNN_Attention_crossattn,32,2,0.0001,0.9,0.6766666666666667,0.6439999999999999,0.8036666666666663,0.7373166666666666,436319,7,0,100,0,0,32,2,40,0.3
lotka_volterradeep_mlp_(no mean)_normal_KL17_105037_7_0.0001_1_window_7,lotka_volterra,1,normal_KL,deep_mlp,32,2,0.0001,0.54,0.4000000000000003,0.4056666666666668,0.6051666666666665,0.4770833333333334,1810200,7,0,100,0,0,32,2,40,0.4
lotka_volterradeep_mlp_(no mean)_normal_KL17_105357_7_0.0001_2_window_7,lotka_volterra,2,normal_KL,deep_mlp,32,2,0.0001,0.5,0.4266666666666667,0.41633333333333333,0.6160000000000001,0.4910166666666667,1810200,7,0,100,0,0,32,2,40,0.4
lotka_volterradeep_mlp_(no mean)_normal_KL17_105716_7_0.0001_3_window_7,lotka_volterra,3,normal_KL,deep_mlp,32,2,0.0001,0.58,0.44666666666666677,0.4426666666666668,0.6406666666666666,0.5217,1810200,7,0,100,0,0,32,2,40,0.4
lotka_volterraTemporalGNN_Attention_(no mean)_normal_KL17_105854_7_0.0001_1_window_7,lotka_volterra,1,normal_KL,TemporalGNN_Attention,32,2,0.0001,0.86,0.6433333333333331,0.5784999999999999,0.7554999999999998,0.6859333333333332,319487,7,0,100,0,0,32,2,40,0.4
lotka_volterraTemporalGNN_Attention_(no mean)_normal_KL17_110120_7_0.0001_2_window_7,lotka_volterra,2,normal_KL,TemporalGNN_Attention,32,2,0.0001,0.88,0.6499999999999997,0.617,0.7616666666666664,0.7011999999999999,319487,7,0,100,0,0,32,2,40,0.4
lotka_volterraTemporalGNN_Attention_(no mean)_normal_KL17_110349_7_0.0001_3_window_7,lotka_volterra,3,normal_KL,TemporalGNN_Attention,32,2,0.0001,0.88,0.6299999999999998,0.5986666666666666,0.7628333333333331,0.7069499999999999,319487,7,0,100,0,0,32,2,40,0.4
lotka_volterraTemporalGNN_Attention_fourier_(no mean)_normal_KL17_110618_7_0.0001_1_window_7,lotka_volterra,1,normal_KL,TemporalGNN_Attention_fourier,32,2,0.0001,0.87,0.6399999999999998,0.5698333333333333,0.7694999999999999,0.6881666666666666,319487,7,0,100,0,0,32,2,40,0.4
lotka_volterraTemporalGNN_Attention_fourier_(no mean)_normal_KL17_110853_7_0.0001_2_window_7,lotka_volterra,2,normal_KL,TemporalGNN_Attention_fourier,32,2,0.0001,0.87,0.6366666666666664,0.6116666666666667,0.7583333333333332,0.7002499999999998,319487,7,0,100,0,0,32,2,40,0.4
lotka_volterraTemporalGNN_Attention_fourier_(no mean)_normal_KL17_111126_7_0.0001_3_window_7,lotka_volterra,3,normal_KL,TemporalGNN_Attention_fourier,32,2,0.0001,0.89,0.6266666666666665,0.605,0.7723333333333332,0.7103166666666666,319487,7,0,100,0,0,32,2,40,0.4
lotka_volterraTemporalGNN_Attention_crossattn_(no mean)_normal_KL17_111358_7_0.0001_1_window_7,lotka_volterra,1,normal_KL,TemporalGNN_Attention_crossattn,32,2,0.0001,0.87,0.71,0.6464999999999997,0.8131666666666661,0.7448166666666663,436319,7,0,100,0,0,32,2,40,0.4
lotka_volterraTemporalGNN_Attention_crossattn_(no mean)_normal_KL17_111727_7_0.0001_2_window_7,lotka_volterra,2,normal_KL,TemporalGNN_Attention_crossattn,32,2,0.0001,0.89,0.7166666666666666,0.6629999999999998,0.8124999999999996,0.7573666666666666,436319,7,0,100,0,0,32,2,40,0.4
lotka_volterraTemporalGNN_Attention_crossattn_(no mean)_normal_KL17_120959_7_0.0001_1_window_7,lotka_volterra,1,normal_KL,TemporalGNN_Attention_crossattn,32,2,0.0001,0.88,0.7066666666666666,0.6461666666666664,0.8178333333333331,0.749433333333333,436319,7,0,100,0,0,32,2,40,0.1
lotka_volterraTemporalGNN_Attention_crossattn_(no mean)_normal_KL17_121332_7_0.0001_1_window_7,lotka_volterra,1,normal_KL,TemporalGNN_Attention_crossattn,32,2,0.0001,0.88,0.7033333333333333,0.6411666666666664,0.8124999999999996,0.7460166666666664,436319,7,0,100,0,0,32,2,40,0.2
lotka_volterraTemporalGNN_Attention_crossattn_(no mean)_normal_KL17_121710_7_0.0001_1_window_7,lotka_volterra,1,normal_KL,TemporalGNN_Attention_crossattn,32,2,0.0001,0.88,0.7033333333333335,0.6341666666666664,0.8099999999999996,0.7414999999999998,436319,7,0,100,0,0,32,2,40,0.3
lotka_volterraTemporalGNN_Attention_crossattn_(no mean)_normal_KL17_124457_7_0.0001_1_window_7,lotka_volterra,1,normal_KL,TemporalGNN_Attention_crossattn,32,2,0.0001,0.85,0.6866666666666665,0.6355000000000001,0.8174999999999997,0.7345166666666666,436639,7,0,100,0,0,32,2,40,0.1
lotka_volterraTemporalGNN_Attention_crossattn_(no mean)_normal_KL17_125139_7_0.0001_1_window_7,lotka_volterra,1,normal_KL,TemporalGNN_Attention_crossattn,32,2,0.0001,0.87,0.71,0.6479999999999998,0.8204999999999997,0.7499666666666666,439879,7,0,100,0,0,32,2,40,0.1
lotka_volterraTemporalGNN_Attention_crossattn_(no mean)_normal_KL17_125501_7_0.0001_1_window_7,lotka_volterra,1,normal_KL,TemporalGNN_Attention_crossattn,32,2,0.0001,0.88,0.72,0.6468333333333333,0.8204999999999997,0.7525999999999998,439879,7,0,100,0,0,32,2,40,0.2
lotka_volterraTemporalGNN_Attention_crossattn_(no mean)_normal_KL17_125824_7_0.0001_1_window_7,lotka_volterra,1,normal_KL,TemporalGNN_Attention_crossattn,32,2,0.0001,0.9,0.7233333333333333,0.6463333333333332,0.8229999999999997,0.7549999999999998,439879,7,0,100,0,0,32,2,40,0.3
lotka_volterraTemporalGNN_Attention_crossattn_(no mean)_normal_KL17_130147_7_0.0001_1_window_7,lotka_volterra,1,normal_KL,TemporalGNN_Attention_crossattn,32,2,0.0001,0.88,0.72,0.6466666666666664,0.827833333333333,0.7503833333333331,439879,7,0,100,0,0,32,2,40,0.4
lotka_volterraTemporalGNN_Attention_crossattn_(no mean)_normal_KL17_130510_7_0.0001_1_window_7,lotka_volterra,1,normal_KL,TemporalGNN_Attention_crossattn,32,2,0.0001,0.89,0.7066666666666667,0.6474999999999999,0.8184999999999997,0.7517166666666665,439879,7,0,100,0,0,32,2,40,0.5
lotka_volterraTemporalGNN_Attention_crossattn_(no mean)_normal_KL17_130834_7_0.0001_2_window_7,lotka_volterra,2,normal_KL,TemporalGNN_Attention_crossattn,32,2,0.0001,0.88,0.7266666666666666,0.6579999999999998,0.7999999999999996,0.7515333333333332,439879,7,0,100,0,0,32,2,40,0.1
lotka_volterraTemporalGNN_Attention_crossattn_(no mean)_normal_KL17_131159_7_0.0001_2_window_7,lotka_volterra,2,normal_KL,TemporalGNN_Attention_crossattn,32,2,0.0001,0.88,0.7233333333333333,0.6584999999999996,0.8019999999999995,0.7529333333333332,439879,7,0,100,0,0,32,2,40,0.2
