scheme,dataset_name,seed,correlated_KL,architecture,attention_dim,num_attention_heads,lr,AC@1,AC@3,AC@5,AC@10,Avg@10,total_params,window_size,early_stopping,num_epochs,AMOC_Loss,mean_std_recon_loss,outer_hidden_dim,outer_heads_num,num_vars
lotka_volterradeep_mlp_(no mean)_normal_KL16_161516_7_0.0001_1_window_7,lotka_volterra,1,normal_KL,deep_mlp,32,2,0.0001,0.85,0.6666666666666665,0.6671666666666666,0.8726666666666668,0.7655833333333334,504000,7,0,100,0,0,32,2,20
lotka_volterradeep_mlp_(no mean)_normal_KL16_161759_7_0.0001_2_window_7,lotka_volterra,2,normal_KL,deep_mlp,32,2,0.0001,0.9,0.7100000000000002,0.6868333333333331,0.8829999999999997,0.7891833333333331,504000,7,0,100,0,0,32,2,20
lotka_volterradeep_mlp_(no mean)_normal_KL16_162041_7_0.0001_3_window_7,lotka_volterra,3,normal_KL,deep_mlp,32,2,0.0001,0.89,0.6833333333333327,0.6758333333333333,0.8736666666666664,0.7729499999999998,504000,7,0,100,0,0,32,2,20
lotka_volterraTemporalGNN_Attention_(no mean)_normal_KL16_162143_7_0.0001_1_window_7,lotka_volterra,1,normal_KL,TemporalGNN_Attention,32,2,0.0001,0.98,0.8000000000000002,0.779333333333333,0.9326666666666662,0.8704999999999996,146947,7,0,100,0,0,32,2,20
lotka_volterraTemporalGNN_Attention_(no mean)_normal_KL16_162317_7_0.0001_2_window_7,lotka_volterra,2,normal_KL,TemporalGNN_Attention,32,2,0.0001,0.96,0.7833333333333335,0.766833333333333,0.9321666666666663,0.8515499999999998,146947,7,0,100,0,0,32,2,20
lotka_volterraTemporalGNN_Attention_(no mean)_normal_KL16_162455_7_0.0001_3_window_7,lotka_volterra,3,normal_KL,TemporalGNN_Attention,32,2,0.0001,0.98,0.8166666666666668,0.7749999999999997,0.9296666666666661,0.8648499999999997,146947,7,0,100,0,0,32,2,20
lotka_volterraTemporalGNN_Attention_fourier_(no mean)_normal_KL16_162630_7_0.0001_1_window_7,lotka_volterra,1,normal_KL,TemporalGNN_Attention_fourier,32,2,0.0001,0.98,0.8000000000000002,0.779333333333333,0.9326666666666662,0.8706666666666664,146947,7,0,100,0,0,32,2,20
lotka_volterraTemporalGNN_Attention_fourier_(no mean)_normal_KL16_162807_7_0.0001_2_window_7,lotka_volterra,2,normal_KL,TemporalGNN_Attention_fourier,32,2,0.0001,0.95,0.7833333333333335,0.7643333333333331,0.941333333333333,0.8508833333333332,146947,7,0,100,0,0,32,2,20
lotka_volterraTemporalGNN_Attention_fourier_(no mean)_normal_KL16_162942_7_0.0001_3_window_7,lotka_volterra,3,normal_KL,TemporalGNN_Attention_fourier,32,2,0.0001,0.98,0.8166666666666668,0.7749999999999997,0.9296666666666661,0.8643666666666663,146947,7,0,100,0,0,32,2,20
lotka_volterraTemporalGNN_Attention_crossattn_(no mean)_normal_KL16_163117_7_0.0001_1_window_7,lotka_volterra,1,normal_KL,TemporalGNN_Attention_crossattn,32,2,0.0001,0.98,0.8100000000000002,0.7854999999999994,0.952333333333333,0.881533333333333,185779,7,0,100,0,0,32,2,20
lotka_volterraTemporalGNN_Attention_crossattn_(no mean)_normal_KL16_163323_7_0.0001_2_window_7,lotka_volterra,2,normal_KL,TemporalGNN_Attention_crossattn,32,2,0.0001,0.99,0.8166666666666669,0.7949999999999996,0.950333333333333,0.885483333333333,185779,7,0,100,0,0,32,2,20
lotka_volterraTemporalGNN_Attention_crossattn_(no mean)_normal_KL16_163529_7_0.0001_3_window_7,lotka_volterra,3,normal_KL,TemporalGNN_Attention_crossattn,32,2,0.0001,0.99,0.8033333333333339,0.7869999999999996,0.9548333333333331,0.8792666666666664,185779,7,0,100,0,0,32,2,20
lotka_volterradeep_mlp_(no mean)_normal_KL16_163924_7_0.0001_1_window_7,lotka_volterra,1,normal_KL,deep_mlp,32,2,0.0001,0.46,0.33666666666666667,0.35283333333333333,0.5026666666666667,0.40713333333333335,2784600,7,0,100,0,0,32,2,50
lotka_volterradeep_mlp_(no mean)_normal_KL16_164313_7_0.0001_2_window_7,lotka_volterra,2,normal_KL,deep_mlp,32,2,0.0001,0.39,0.3066666666666667,0.3373333333333333,0.5383333333333333,0.40008333333333335,2784600,7,0,100,0,0,32,2,50
lotka_volterradeep_mlp_(no mean)_normal_KL16_164702_7_0.0001_3_window_7,lotka_volterra,3,normal_KL,deep_mlp,32,2,0.0001,0.47,0.3166666666666665,0.32866666666666655,0.5006666666666667,0.3930499999999999,2784600,7,0,100,0,0,32,2,50
lotka_volterraTemporalGNN_Attention_(no mean)_normal_KL16_164906_7_0.0001_1_window_7,lotka_volterra,1,normal_KL,TemporalGNN_Attention,32,2,0.0001,0.75,0.5599999999999998,0.5168333333333334,0.6603333333333332,0.6008333333333333,425257,7,0,100,0,0,32,2,50
lotka_volterraTemporalGNN_Attention_(no mean)_normal_KL16_165209_7_0.0001_2_window_7,lotka_volterra,2,normal_KL,TemporalGNN_Attention,32,2,0.0001,0.7,0.5333333333333333,0.5285,0.7141666666666664,0.6073,425257,7,0,100,0,0,32,2,50
lotka_volterraTemporalGNN_Attention_(no mean)_normal_KL16_165512_7_0.0001_3_window_7,lotka_volterra,3,normal_KL,TemporalGNN_Attention,32,2,0.0001,0.7,0.5233333333333334,0.5070000000000001,0.6691666666666667,0.5910666666666666,425257,7,0,100,0,0,32,2,50
lotka_volterraTemporalGNN_Attention_fourier_(no mean)_normal_KL16_165816_7_0.0001_1_window_7,lotka_volterra,1,normal_KL,TemporalGNN_Attention_fourier,32,2,0.0001,0.74,0.5533333333333332,0.5115000000000001,0.6628333333333332,0.5984999999999999,425257,7,0,100,0,0,32,2,50
lotka_volterraTemporalGNN_Attention_fourier_(no mean)_normal_KL16_170121_7_0.0001_2_window_7,lotka_volterra,2,normal_KL,TemporalGNN_Attention_fourier,32,2,0.0001,0.68,0.52,0.5241666666666667,0.6915,0.6009666666666666,425257,7,0,100,0,0,32,2,50
lotka_volterraTemporalGNN_Attention_fourier_(no mean)_normal_KL16_170426_7_0.0001_3_window_7,lotka_volterra,3,normal_KL,TemporalGNN_Attention_fourier,32,2,0.0001,0.66,0.5166666666666668,0.49916666666666676,0.6719999999999999,0.5810166666666667,425257,7,0,100,0,0,32,2,50
lotka_volterraTemporalGNN_Attention_crossattn_(no mean)_normal_KL16_170732_7_0.0001_1_window_7,lotka_volterra,1,normal_KL,TemporalGNN_Attention_crossattn,32,2,0.0001,0.82,0.6033333333333334,0.5486666666666667,0.718833333333333,0.6550499999999998,600589,7,0,100,0,0,32,2,50
lotka_volterraTemporalGNN_Attention_crossattn_(no mean)_normal_KL16_171138_7_0.0001_2_window_7,lotka_volterra,2,normal_KL,TemporalGNN_Attention_crossattn,32,2,0.0001,0.77,0.6266666666666663,0.5628333333333334,0.7204999999999999,0.65635,600589,7,0,100,0,0,32,2,50
lotka_volterraTemporalGNN_Attention_crossattn_(no mean)_normal_KL16_171545_7_0.0001_3_window_7,lotka_volterra,3,normal_KL,TemporalGNN_Attention_crossattn,32,2,0.0001,0.84,0.5733333333333333,0.5398333333333334,0.7018333333333332,0.6406166666666665,600589,7,0,100,0,0,32,2,50
lotka_volterradeep_mlp_(no mean)_normal_KL16_172142_7_0.0001_1_window_7,lotka_volterra,1,normal_KL,deep_mlp,32,2,0.0001,0.38,0.25999999999999984,0.2966666666666666,0.4540000000000001,0.3476,3973200,7,0,100,0,0,32,2,60
lotka_volterradeep_mlp_(no mean)_normal_KL16_172609_7_0.0001_2_window_7,lotka_volterra,2,normal_KL,deep_mlp,32,2,0.0001,0.32,0.2333333333333333,0.2729999999999999,0.4278333333333333,0.31821666666666654,3973200,7,0,100,0,0,32,2,60
lotka_volterradeep_mlp_(no mean)_normal_KL16_173036_7_0.0001_3_window_7,lotka_volterra,3,normal_KL,deep_mlp,32,2,0.0001,0.33,0.24999999999999983,0.30199999999999977,0.4758333333333332,0.3487999999999999,3973200,7,0,100,0,0,32,2,60
lotka_volterraTemporalGNN_Attention_(no mean)_normal_KL16_173314_7_0.0001_1_window_7,lotka_volterra,1,normal_KL,TemporalGNN_Attention,32,2,0.0001,0.76,0.5233333333333335,0.5129999999999999,0.654333333333333,0.5993499999999999,544027,7,0,100,0,0,32,2,60
lotka_volterraTemporalGNN_Attention_(no mean)_normal_KL16_173656_7_0.0001_2_window_7,lotka_volterra,2,normal_KL,TemporalGNN_Attention,32,2,0.0001,0.71,0.4899999999999999,0.4526666666666666,0.6086666666666667,0.5426,544027,7,0,100,0,0,32,2,60
lotka_volterraTemporalGNN_Attention_(no mean)_normal_KL16_174039_7_0.0001_3_window_7,lotka_volterra,3,normal_KL,TemporalGNN_Attention,32,2,0.0001,0.7,0.4500000000000003,0.4801666666666665,0.6316666666666666,0.5456833333333333,544027,7,0,100,0,0,32,2,60
lotka_volterraTemporalGNN_Attention_fourier_(no mean)_normal_KL16_174421_7_0.0001_1_window_7,lotka_volterra,1,normal_KL,TemporalGNN_Attention_fourier,32,2,0.0001,0.77,0.5166666666666667,0.5006666666666664,0.6531666666666662,0.5965833333333331,544027,7,0,100,0,0,32,2,60
lotka_volterraTemporalGNN_Attention_fourier_(no mean)_normal_KL16_174803_7_0.0001_2_window_7,lotka_volterra,2,normal_KL,TemporalGNN_Attention_fourier,32,2,0.0001,0.68,0.46666666666666645,0.44166666666666665,0.5958333333333333,0.5337666666666667,544027,7,0,100,0,0,32,2,60
lotka_volterraTemporalGNN_Attention_fourier_(no mean)_normal_KL16_175148_7_0.0001_3_window_7,lotka_volterra,3,normal_KL,TemporalGNN_Attention_fourier,32,2,0.0001,0.7,0.4633333333333335,0.47516666666666657,0.6266666666666665,0.54765,544027,7,0,100,0,0,32,2,60
lotka_volterraTemporalGNN_Attention_crossattn_(no mean)_normal_KL16_175529_7_0.0001_1_window_7,lotka_volterra,1,normal_KL,TemporalGNN_Attention_crossattn,32,2,0.0001,0.8,0.5133333333333333,0.5201666666666668,0.6423333333333331,0.5990833333333333,790859,7,0,100,0,0,32,2,60
lotka_volterraTemporalGNN_Attention_crossattn_(no mean)_normal_KL16_180026_7_0.0001_2_window_7,lotka_volterra,2,normal_KL,TemporalGNN_Attention_crossattn,32,2,0.0001,0.74,0.563333333333333,0.5716666666666664,0.7006666666666664,0.6321666666666665,790859,7,0,100,0,0,32,2,60
lotka_volterraTemporalGNN_Attention_crossattn_(no mean)_normal_KL16_180524_7_0.0001_3_window_7,lotka_volterra,3,normal_KL,TemporalGNN_Attention_crossattn,32,2,0.0001,0.78,0.5433333333333336,0.4953333333333335,0.6694999999999997,0.5986333333333332,790859,7,0,100,0,0,32,2,60
lotka_volterradeep_mlp_(no mean)_normal_KL16_181220_7_0.0001_1_window_7,lotka_volterra,1,normal_KL,deep_mlp,32,2,0.0001,0.26,0.22333333333333336,0.23133333333333325,0.369,0.27113333333333334,5376000,7,0,100,0,0,32,2,70
lotka_volterradeep_mlp_(no mean)_normal_KL16_181733_7_0.0001_2_window_7,lotka_volterra,2,normal_KL,deep_mlp,32,2,0.0001,0.22,0.2133333333333333,0.2306666666666666,0.3569999999999998,0.26609999999999995,5376000,7,0,100,0,0,32,2,70
lotka_volterradeep_mlp_(no mean)_normal_KL16_182247_7_0.0001_3_window_7,lotka_volterra,3,normal_KL,deep_mlp,32,2,0.0001,0.33,0.21666666666666654,0.23416666666666658,0.3573333333333333,0.2764833333333333,5376000,7,0,100,0,0,32,2,70
lotka_volterraTemporalGNN_Attention_(no mean)_normal_KL16_182602_7_0.0001_1_window_7,lotka_volterra,1,normal_KL,TemporalGNN_Attention,32,2,0.0001,0.6,0.4300000000000002,0.4081666666666667,0.5568333333333333,0.4862000000000001,675797,7,0,100,0,0,32,2,70
lotka_volterraTemporalGNN_Attention_(no mean)_normal_KL16_183029_7_0.0001_2_window_7,lotka_volterra,2,normal_KL,TemporalGNN_Attention,32,2,0.0001,0.6,0.38666666666666677,0.4006666666666667,0.5535,0.4715,675797,7,0,100,0,0,32,2,70
lotka_volterraTemporalGNN_Attention_(no mean)_normal_KL16_183457_7_0.0001_3_window_7,lotka_volterra,3,normal_KL,TemporalGNN_Attention,32,2,0.0001,0.63,0.40666666666666673,0.4151666666666667,0.5493333333333333,0.4833,675797,7,0,100,0,0,32,2,70
lotka_volterraTemporalGNN_Attention_fourier_(no mean)_normal_KL16_183927_7_0.0001_1_window_7,lotka_volterra,1,normal_KL,TemporalGNN_Attention_fourier,32,2,0.0001,0.6,0.4400000000000003,0.41950000000000004,0.5646666666666665,0.4906666666666667,675797,7,0,100,0,0,32,2,70
lotka_volterraTemporalGNN_Attention_fourier_(no mean)_normal_KL16_184354_7_0.0001_2_window_7,lotka_volterra,2,normal_KL,TemporalGNN_Attention_fourier,32,2,0.0001,0.59,0.3933333333333334,0.3931666666666667,0.5595000000000001,0.4674333333333334,675797,7,0,100,0,0,32,2,70
lotka_volterraTemporalGNN_Attention_fourier_(no mean)_normal_KL16_184820_7_0.0001_3_window_7,lotka_volterra,3,normal_KL,TemporalGNN_Attention_fourier,32,2,0.0001,0.64,0.40666666666666673,0.41716666666666663,0.5513333333333333,0.48519999999999996,675797,7,0,100,0,0,32,2,70
lotka_volterradeep_mlp_(no mean)_normal_KL16_190319_7_0.0001_1_window_7,lotka_volterra,1,normal_KL,deep_mlp,32,2,0.0001,0.59,0.5366666666666665,0.5394999999999999,0.7151666666666666,0.6023833333333333,1050000,7,0,100,0,0,32,2,30
lotka_volterradeep_mlp_(no mean)_normal_KL16_190613_7_0.0001_2_window_7,lotka_volterra,2,normal_KL,deep_mlp,32,2,0.0001,0.62,0.46333333333333343,0.5226666666666667,0.7416666666666666,0.5874833333333332,1050000,7,0,100,0,0,32,2,30
lotka_volterradeep_mlp_(no mean)_normal_KL16_190909_7_0.0001_3_window_7,lotka_volterra,3,normal_KL,deep_mlp,32,2,0.0001,0.64,0.4933333333333333,0.5169999999999999,0.7333333333333332,0.5953999999999999,1050000,7,0,100,0,0,32,2,30
lotka_volterraTemporalGNN_Attention_(no mean)_normal_KL16_191026_7_0.0001_1_window_7,lotka_volterra,1,normal_KL,TemporalGNN_Attention,32,2,0.0001,0.91,0.7033333333333333,0.6823333333333333,0.8639999999999999,0.7832666666666666,226717,7,0,100,0,0,32,2,30
lotka_volterraTemporalGNN_Attention_(no mean)_normal_KL16_191224_7_0.0001_2_window_7,lotka_volterra,2,normal_KL,TemporalGNN_Attention,32,2,0.0001,0.93,0.7066666666666664,0.6744999999999998,0.8558333333333331,0.7772333333333331,226717,7,0,100,0,0,32,2,30
lotka_volterraTemporalGNN_Attention_(no mean)_normal_KL16_191423_7_0.0001_3_window_7,lotka_volterra,3,normal_KL,TemporalGNN_Attention,32,2,0.0001,0.91,0.6799999999999998,0.6571666666666666,0.8018333333333331,0.7440999999999998,226717,7,0,100,0,0,32,2,30
lotka_volterraTemporalGNN_Attention_fourier_(no mean)_normal_KL16_191622_7_0.0001_1_window_7,lotka_volterra,1,normal_KL,TemporalGNN_Attention_fourier,32,2,0.0001,0.92,0.7133333333333336,0.6809999999999999,0.8644999999999999,0.7873833333333332,226717,7,0,100,0,0,32,2,30
lotka_volterraTemporalGNN_Attention_fourier_(no mean)_normal_KL16_191821_7_0.0001_2_window_7,lotka_volterra,2,normal_KL,TemporalGNN_Attention_fourier,32,2,0.0001,0.95,0.6966666666666664,0.6778333333333331,0.8563333333333332,0.7801166666666666,226717,7,0,100,0,0,32,2,30
lotka_volterraTemporalGNN_Attention_fourier_(no mean)_normal_KL16_192020_7_0.0001_3_window_7,lotka_volterra,3,normal_KL,TemporalGNN_Attention_fourier,32,2,0.0001,0.91,0.6733333333333331,0.6598333333333332,0.7998333333333331,0.7441833333333332,226717,7,0,100,0,0,32,2,30
lotka_volterraTemporalGNN_Attention_crossattn_(no mean)_normal_KL16_192220_7_0.0001_1_window_7,lotka_volterra,1,normal_KL,TemporalGNN_Attention_crossattn,32,2,0.0001,0.94,0.7666666666666668,0.7286666666666664,0.8921666666666664,0.8202999999999998,298049,7,0,100,0,0,32,2,30
lotka_volterraTemporalGNN_Attention_crossattn_(no mean)_normal_KL16_192459_7_0.0001_2_window_7,lotka_volterra,2,normal_KL,TemporalGNN_Attention_crossattn,32,2,0.0001,0.96,0.7533333333333335,0.7219999999999996,0.8776666666666665,0.8133499999999998,298049,7,0,100,0,0,32,2,30
lotka_volterraTemporalGNN_Attention_crossattn_(no mean)_normal_KL16_192741_7_0.0001_3_window_7,lotka_volterra,3,normal_KL,TemporalGNN_Attention_crossattn,32,2,0.0001,0.95,0.7666666666666668,0.7089999999999995,0.8733333333333332,0.8061166666666665,298049,7,0,100,0,0,32,2,30
