scheme,dataset_name,seed,correlated_KL,architecture,attention_dim,num_attention_heads,lr,AC@1,AC@3,AC@5,AC@10,Avg@10,total_params,window_size,early_stopping,num_epochs,AMOC_Loss,mean_std_recon_loss,outer_hidden_dim,outer_heads_num
swatTemporalGNN_Attention_(no mean)_normal_KL13_060938_1_0.0001_1_window_1,swat,1,normal_KL,TemporalGNN_Attention,256,2,0.0001,0.3,0.4,0.4,0.5,0.41500000000000004,6411963,1,0,1000,0,0,256,2
swatTemporalGNN_Attention_(no mean)_normal_KL13_061209_1_0.0001_2_window_1,swat,2,normal_KL,TemporalGNN_Attention,256,2,0.0001,0.25,0.3,0.3,0.35,0.30500000000000005,6411963,1,0,1000,0,0,256,2
swatTemporalGNN_Attention_(no mean)_normal_KL13_061458_1_0.0001_3_window_1,swat,3,normal_KL,TemporalGNN_Attention,256,2,0.0001,0.2,0.25,0.3,0.325,0.29000000000000004,6411963,1,0,1000,0,0,256,2
swatTemporalGNN_Attention_(no mean)_normal_KL13_061746_1_0.0001_4_window_1,swat,4,normal_KL,TemporalGNN_Attention,256,2,0.0001,0.15,0.25,0.35,0.425,0.315,6411963,1,0,1000,0,0,256,2
swatTemporalGNN_Attention_(no mean)_normal_KL13_062037_1_0.0001_5_window_1,swat,5,normal_KL,TemporalGNN_Attention,256,2,0.0001,0.15,0.275,0.325,0.375,0.3,6411963,1,0,1000,0,0,256,2
swatTemporalGNN_Attention_(no mean)_normal_KL13_062343_1_0.0001_6_window_1,swat,6,normal_KL,TemporalGNN_Attention,256,2,0.0001,0.3,0.3,0.35,0.35,0.335,6411963,1,0,1000,0,0,256,2
swatTemporalGNN_Attention_fourier_(no mean)_normal_KL13_062619_1_0.0001_1_window_1,swat,1,normal_KL,TemporalGNN_Attention_fourier,256,2,0.0001,0.3,0.4,0.4,0.5,0.41500000000000004,6411963,1,0,1000,0,0,256,2
swatTemporalGNN_Attention_fourier_(no mean)_normal_KL13_062850_1_0.0001_2_window_1,swat,2,normal_KL,TemporalGNN_Attention_fourier,256,2,0.0001,0.25,0.3,0.3,0.35,0.30500000000000005,6411963,1,0,1000,0,0,256,2
swatTemporalGNN_Attention_fourier_(no mean)_normal_KL13_063141_1_0.0001_3_window_1,swat,3,normal_KL,TemporalGNN_Attention_fourier,256,2,0.0001,0.2,0.25,0.3,0.325,0.29000000000000004,6411963,1,0,1000,0,0,256,2
swatTemporalGNN_Attention_fourier_(no mean)_normal_KL13_063435_1_0.0001_4_window_1,swat,4,normal_KL,TemporalGNN_Attention_fourier,256,2,0.0001,0.15,0.25,0.35,0.425,0.315,6411963,1,0,1000,0,0,256,2
swatTemporalGNN_Attention_fourier_(no mean)_normal_KL13_063729_1_0.0001_5_window_1,swat,5,normal_KL,TemporalGNN_Attention_fourier,256,2,0.0001,0.15,0.275,0.325,0.375,0.3,6411963,1,0,1000,0,0,256,2
swatTemporalGNN_Attention_fourier_(no mean)_normal_KL13_064039_1_0.0001_6_window_1,swat,6,normal_KL,TemporalGNN_Attention_fourier,256,2,0.0001,0.3,0.3,0.35,0.35,0.335,6411963,1,0,1000,0,0,256,2
swatTemporalGNN_Attention_crossattn_(no mean)_normal_KL13_064314_1_0.0001_1_window_1,swat,1,normal_KL,TemporalGNN_Attention_crossattn,256,2,0.0001,0.3,0.3,0.3,0.45,0.36000000000000004,8536292,1,0,1000,0,0,256,2
swatTemporalGNN_Attention_crossattn_(no mean)_normal_KL13_064625_1_0.0001_2_window_1,swat,2,normal_KL,TemporalGNN_Attention_crossattn,256,2,0.0001,0.25,0.25,0.25,0.25,0.25,8536292,1,0,1000,0,0,256,2
swatTemporalGNN_Attention_crossattn_(no mean)_normal_KL13_064922_1_0.0001_3_window_1,swat,3,normal_KL,TemporalGNN_Attention_crossattn,256,2,0.0001,0.15,0.25,0.25,0.35,0.28,8536292,1,0,1000,0,0,256,2
swatTemporalGNN_Attention_crossattn_(no mean)_normal_KL13_065246_1_0.0001_4_window_1,swat,4,normal_KL,TemporalGNN_Attention_crossattn,256,2,0.0001,0.2,0.25,0.3,0.425,0.3324999999999999,8536292,1,0,1000,0,0,256,2
swatTemporalGNN_Attention_crossattn_(no mean)_normal_KL13_065605_1_0.0001_5_window_1,swat,5,normal_KL,TemporalGNN_Attention_crossattn,256,2,0.0001,0.1,0.3,0.35,0.525,0.3475,8536292,1,0,1000,0,0,256,2
swatTemporalGNN_Attention_crossattn_(no mean)_normal_KL13_065922_1_0.0001_6_window_1,swat,6,normal_KL,TemporalGNN_Attention_crossattn,256,2,0.0001,0.3,0.3,0.3,0.3,0.29999999999999993,8536292,1,0,1000,0,0,256,2
swatTemporalGNN_Attention_(no mean)_normal_KL13_070216_3_0.0001_1_window_3,swat,1,normal_KL,TemporalGNN_Attention,256,2,0.0001,0.26666666666666666,0.3833333333333333,0.4833333333333333,0.5333333333333334,0.45,6412475,3,0,1000,0,0,256,2
swatTemporalGNN_Attention_(no mean)_normal_KL13_070523_3_0.0001_2_window_3,swat,2,normal_KL,TemporalGNN_Attention,256,2,0.0001,0.24999999999999994,0.31666666666666665,0.4166666666666667,0.45,0.3916666666666667,6412475,3,0,1000,0,0,256,2
swatTemporalGNN_Attention_(no mean)_normal_KL13_070905_3_0.0001_3_window_3,swat,3,normal_KL,TemporalGNN_Attention,256,2,0.0001,0.13333333333333333,0.2583333333333333,0.3083333333333333,0.325,0.2833333333333333,6412475,3,0,1000,0,0,256,2
swatTemporalGNN_Attention_(no mean)_normal_KL13_071242_3_0.0001_4_window_3,swat,4,normal_KL,TemporalGNN_Attention,256,2,0.0001,0.18333333333333332,0.31666666666666665,0.36666666666666664,0.38333333333333336,0.3366666666666666,6412475,3,0,1000,0,0,256,2
swatTemporalGNN_Attention_(no mean)_normal_KL13_071617_3_0.0001_5_window_3,swat,5,normal_KL,TemporalGNN_Attention,256,2,0.0001,0.25,0.325,0.325,0.4083333333333333,0.3375,6412475,3,0,1000,0,0,256,2
swatTemporalGNN_Attention_(no mean)_normal_KL13_071940_3_0.0001_6_window_3,swat,6,normal_KL,TemporalGNN_Attention,256,2,0.0001,0.3333333333333333,0.35,0.38333333333333336,0.38333333333333336,0.3716666666666667,6412475,3,0,1000,0,0,256,2
swatTemporalGNN_Attention_fourier_(no mean)_normal_KL13_072314_3_0.0001_1_window_3,swat,1,normal_KL,TemporalGNN_Attention_fourier,256,2,0.0001,0.2833333333333333,0.36666666666666664,0.38333333333333336,0.5166666666666666,0.41,6412475,3,0,1000,0,0,256,2
swatTemporalGNN_Attention_fourier_(no mean)_normal_KL13_072654_3_0.0001_2_window_3,swat,2,normal_KL,TemporalGNN_Attention_fourier,256,2,0.0001,0.24999999999999994,0.3333333333333333,0.35,0.36666666666666664,0.3333333333333333,6412475,3,0,1000,0,0,256,2
swatTemporalGNN_Attention_fourier_(no mean)_normal_KL13_073022_3_0.0001_3_window_3,swat,3,normal_KL,TemporalGNN_Attention_fourier,256,2,0.0001,0.21666666666666665,0.36666666666666664,0.3916666666666667,0.4083333333333333,0.3708333333333333,6412475,3,0,1000,0,0,256,2
swatTemporalGNN_Attention_fourier_(no mean)_normal_KL13_073344_3_0.0001_4_window_3,swat,4,normal_KL,TemporalGNN_Attention_fourier,256,2,0.0001,0.15,0.26666666666666666,0.36666666666666664,0.38333333333333336,0.31999999999999995,6412475,3,0,1000,0,0,256,2
swatTemporalGNN_Attention_fourier_(no mean)_normal_KL13_073720_3_0.0001_5_window_3,swat,5,normal_KL,TemporalGNN_Attention_fourier,256,2,0.0001,0.18333333333333332,0.275,0.3083333333333333,0.3583333333333333,0.3058333333333333,6412475,3,0,1000,0,0,256,2
swatTemporalGNN_Attention_fourier_(no mean)_normal_KL13_074052_3_0.0001_6_window_3,swat,6,normal_KL,TemporalGNN_Attention_fourier,256,2,0.0001,0.2833333333333333,0.38333333333333336,0.38333333333333336,0.38333333333333336,0.37333333333333335,6412475,3,0,1000,0,0,256,2
swatTemporalGNN_Attention_crossattn_(no mean)_normal_KL13_074422_3_0.0001_1_window_3,swat,1,normal_KL,TemporalGNN_Attention_crossattn,256,2,0.0001,0.3,0.33333333333333337,0.3833333333333333,0.4166666666666667,0.375,8537060,3,0,1000,0,0,256,2
swatTemporalGNN_Attention_crossattn_(no mean)_normal_KL13_074804_3_0.0001_2_window_3,swat,2,normal_KL,TemporalGNN_Attention_crossattn,256,2,0.0001,0.31666666666666665,0.3333333333333333,0.35,0.36666666666666664,0.3433333333333333,8537060,3,0,1000,0,0,256,2
swatTemporalGNN_Attention_crossattn_(no mean)_normal_KL13_075159_3_0.0001_3_window_3,swat,3,normal_KL,TemporalGNN_Attention_crossattn,256,2,0.0001,0.15,0.2333333333333333,0.2833333333333333,0.3,0.2616666666666666,8537060,3,0,1000,0,0,256,2
swatTemporalGNN_Attention_crossattn_(no mean)_normal_KL13_075553_3_0.0001_4_window_3,swat,4,normal_KL,TemporalGNN_Attention_crossattn,256,2,0.0001,0.13333333333333333,0.3,0.3916666666666667,0.425,0.3483333333333333,8537060,3,0,1000,0,0,256,2
swatTemporalGNN_Attention_crossattn_(no mean)_normal_KL13_080000_3_0.0001_5_window_3,swat,5,normal_KL,TemporalGNN_Attention_crossattn,256,2,0.0001,0.16666666666666666,0.3166666666666667,0.35833333333333334,0.375,0.32333333333333336,8537060,3,0,1000,0,0,256,2
swatTemporalGNN_Attention_crossattn_(no mean)_normal_KL13_080338_3_0.0001_6_window_3,swat,6,normal_KL,TemporalGNN_Attention_crossattn,256,2,0.0001,0.25,0.35,0.36666666666666664,0.36666666666666664,0.3466666666666667,8537060,3,0,1000,0,0,256,2
swatTemporalGNN_Attention_(no mean)_normal_KL13_080727_5_0.0001_1_window_5,swat,1,normal_KL,TemporalGNN_Attention,256,2,0.0001,0.28,0.38,0.38,0.45499999999999996,0.3845,6412987,5,0,1000,0,0,256,2
swatTemporalGNN_Attention_(no mean)_normal_KL13_081108_5_0.0001_2_window_5,swat,2,normal_KL,TemporalGNN_Attention,256,2,0.0001,0.26,0.36,0.36,0.37,0.352,6412987,5,0,1000,0,0,256,2
swatTemporalGNN_Attention_(no mean)_normal_KL13_081509_5_0.0001_3_window_5,swat,3,normal_KL,TemporalGNN_Attention,256,2,0.0001,0.25,0.33,0.425,0.485,0.39849999999999997,6412987,5,0,1000,0,0,256,2
swatTemporalGNN_Attention_(no mean)_normal_KL13_081833_5_0.0001_4_window_5,swat,4,normal_KL,TemporalGNN_Attention,256,2,0.0001,0.11000000000000001,0.23000000000000004,0.28,0.38,0.26999999999999996,6412987,5,0,1000,0,0,256,2
swatTemporalGNN_Attention_(no mean)_normal_KL13_082205_5_0.0001_5_window_5,swat,5,normal_KL,TemporalGNN_Attention,256,2,0.0001,0.23000000000000004,0.315,0.365,0.385,0.3415,6412987,5,0,1000,0,0,256,2
swatTemporalGNN_Attention_(no mean)_normal_KL13_082551_5_0.0001_6_window_5,swat,6,normal_KL,TemporalGNN_Attention,256,2,0.0001,0.32,0.35,0.36,0.37,0.35700000000000004,6412987,5,0,1000,0,0,256,2
swatTemporalGNN_Attention_fourier_(no mean)_normal_KL13_082924_5_0.0001_1_window_5,swat,1,normal_KL,TemporalGNN_Attention_fourier,256,2,0.0001,0.29,0.39,0.39,0.42499999999999993,0.38899999999999996,6412987,5,0,1000,0,0,256,2
swatTemporalGNN_Attention_fourier_(no mean)_normal_KL13_083305_5_0.0001_2_window_5,swat,2,normal_KL,TemporalGNN_Attention_fourier,256,2,0.0001,0.25000000000000006,0.37,0.38,0.4,0.371,6412987,5,0,1000,0,0,256,2
swatTemporalGNN_Attention_fourier_(no mean)_normal_KL13_083639_5_0.0001_3_window_5,swat,3,normal_KL,TemporalGNN_Attention_fourier,256,2,0.0001,0.25000000000000006,0.345,0.40499999999999997,0.43499999999999994,0.37349999999999994,6412987,5,0,1000,0,0,256,2
swatTemporalGNN_Attention_fourier_(no mean)_normal_KL13_084026_5_0.0001_4_window_5,swat,4,normal_KL,TemporalGNN_Attention_fourier,256,2,0.0001,0.17,0.19,0.27999999999999997,0.35,0.274,6412987,5,0,1000,0,0,256,2
swatTemporalGNN_Attention_fourier_(no mean)_normal_KL13_084410_5_0.0001_5_window_5,swat,5,normal_KL,TemporalGNN_Attention_fourier,256,2,0.0001,0.22000000000000003,0.275,0.345,0.375,0.3235,6412987,5,0,1000,0,0,256,2
swatTemporalGNN_Attention_fourier_(no mean)_normal_KL13_084802_5_0.0001_6_window_5,swat,6,normal_KL,TemporalGNN_Attention_fourier,256,2,0.0001,0.32999999999999996,0.37,0.38,0.4,0.378,6412987,5,0,1000,0,0,256,2
swatTemporalGNN_Attention_crossattn_(no mean)_normal_KL13_085138_5_0.0001_1_window_5,swat,1,normal_KL,TemporalGNN_Attention_crossattn,256,2,0.0001,0.33999999999999997,0.36,0.365,0.39,0.3685,8537828,5,0,1000,0,0,256,2
swatTemporalGNN_Attention_crossattn_(no mean)_normal_KL13_085610_5_0.0001_2_window_5,swat,2,normal_KL,TemporalGNN_Attention_crossattn,256,2,0.0001,0.3,0.31,0.32999999999999996,0.36,0.33099999999999996,8537828,5,0,1000,0,0,256,2
swatTemporalGNN_Attention_crossattn_(no mean)_normal_KL13_090010_5_0.0001_3_window_5,swat,3,normal_KL,TemporalGNN_Attention_crossattn,256,2,0.0001,0.28,0.36,0.365,0.4149999999999999,0.3685,8537828,5,0,1000,0,0,256,2
swatTemporalGNN_Attention_crossattn_(no mean)_normal_KL13_090428_5_0.0001_4_window_5,swat,4,normal_KL,TemporalGNN_Attention_crossattn,256,2,0.0001,0.3,0.36,0.39,0.43,0.3815,8537828,5,0,1000,0,0,256,2
swatTemporalGNN_Attention_crossattn_(no mean)_normal_KL13_090830_5_0.0001_5_window_5,swat,5,normal_KL,TemporalGNN_Attention_crossattn,256,2,0.0001,0.36,0.385,0.43499999999999994,0.475,0.4205,8537828,5,0,1000,0,0,256,2
swatTemporalGNN_Attention_crossattn_(no mean)_normal_KL13_091243_5_0.0001_6_window_5,swat,6,normal_KL,TemporalGNN_Attention_crossattn,256,2,0.0001,0.3,0.38,0.38,0.39,0.37300000000000005,8537828,5,0,1000,0,0,256,2
swatTemporalGNN_Attention_(no mean)_normal_KL13_091718_7_0.0001_1_window_7,swat,1,normal_KL,TemporalGNN_Attention,256,2,0.0001,0.3,0.4000000000000001,0.4071428571428572,0.49642857142857144,0.4182142857142857,6413499,7,0,1000,0,0,256,2
swatTemporalGNN_Attention_(no mean)_normal_KL13_092127_7_0.0001_2_window_7,swat,2,normal_KL,TemporalGNN_Attention,256,2,0.0001,0.2571428571428572,0.3714285714285715,0.4,0.48571428571428565,0.4128571428571429,6413499,7,0,1000,0,0,256,2
swatTemporalGNN_Attention_(no mean)_normal_KL13_092524_7_0.0001_3_window_7,swat,3,normal_KL,TemporalGNN_Attention,256,2,0.0001,0.19999999999999998,0.30714285714285716,0.37500000000000006,0.4107142857142857,0.35035714285714287,6413499,7,0,1000,0,0,256,2
swatTemporalGNN_Attention_(no mean)_normal_KL13_092918_7_0.0001_4_window_7,swat,4,normal_KL,TemporalGNN_Attention,256,2,0.0001,0.09285714285714285,0.1857142857142857,0.25,0.32142857142857145,0.24,6413499,7,0,1000,0,0,256,2
swatTemporalGNN_Attention_(no mean)_normal_KL13_093300_7_0.0001_5_window_7,swat,5,normal_KL,TemporalGNN_Attention,256,2,0.0001,0.2857142857142857,0.33214285714285713,0.3714285714285714,0.41428571428571426,0.36107142857142854,6413499,7,0,1000,0,0,256,2
swatTemporalGNN_Attention_(no mean)_normal_KL13_093703_7_0.0001_6_window_7,swat,6,normal_KL,TemporalGNN_Attention,256,2,0.0001,0.29285714285714287,0.33571428571428574,0.35714285714285715,0.37142857142857144,0.3485714285714286,6413499,7,0,1000,0,0,256,2
swatTemporalGNN_Attention_fourier_(no mean)_normal_KL13_094127_7_0.0001_1_window_7,swat,1,normal_KL,TemporalGNN_Attention_fourier,256,2,0.0001,0.3642857142857143,0.4000000000000001,0.42857142857142855,0.46428571428571425,0.4228571428571429,6413499,7,0,1000,0,0,256,2
swatTemporalGNN_Attention_fourier_(no mean)_normal_KL13_094516_7_0.0001_2_window_7,swat,2,normal_KL,TemporalGNN_Attention_fourier,256,2,0.0001,0.25000000000000006,0.3785714285714286,0.4,0.457142857142857,0.3907142857142857,6413499,7,0,1000,0,0,256,2
swatTemporalGNN_Attention_fourier_(no mean)_normal_KL13_094900_7_0.0001_3_window_7,swat,3,normal_KL,TemporalGNN_Attention_fourier,256,2,0.0001,0.14999999999999997,0.21428571428571427,0.26071428571428573,0.5464285714285714,0.3085714285714286,6413499,7,0,1000,0,0,256,2
swatTemporalGNN_Attention_fourier_(no mean)_normal_KL13_095255_7_0.0001_4_window_7,swat,4,normal_KL,TemporalGNN_Attention_fourier,256,2,0.0001,0.13571428571428573,0.2214285714285714,0.25,0.3142857142857143,0.24214285714285716,6413499,7,0,1000,0,0,256,2
swatTemporalGNN_Attention_fourier_(no mean)_normal_KL13_095640_7_0.0001_5_window_7,swat,5,normal_KL,TemporalGNN_Attention_fourier,256,2,0.0001,0.16428571428571428,0.28928571428571426,0.32499999999999996,0.4678571428571428,0.3453571428571428,6413499,7,0,1000,0,0,256,2
swatTemporalGNN_Attention_fourier_(no mean)_normal_KL13_100011_7_0.0001_6_window_7,swat,6,normal_KL,TemporalGNN_Attention_fourier,256,2,0.0001,0.25,0.3,0.3285714285714286,0.3857142857142858,0.3335714285714285,6413499,7,0,1000,0,0,256,2
swatTemporalGNN_Attention_crossattn_(no mean)_normal_KL13_100435_7_0.0001_1_window_7,swat,1,normal_KL,TemporalGNN_Attention_crossattn,256,2,0.0001,0.37857142857142856,0.46428571428571425,0.5035714285714287,0.5678571428571428,0.49642857142857155,8538596,7,0,1000,0,0,256,2
swatTemporalGNN_Attention_crossattn_(no mean)_normal_KL13_100919_7_0.0001_2_window_7,swat,2,normal_KL,TemporalGNN_Attention_crossattn,256,2,0.0001,0.3428571428571429,0.3857142857142858,0.4071428571428572,0.4928571428571429,0.4164285714285715,8538596,7,0,1000,0,0,256,2
swatTemporalGNN_Attention_crossattn_(no mean)_normal_KL13_101343_7_0.0001_3_window_7,swat,3,normal_KL,TemporalGNN_Attention_crossattn,256,2,0.0001,0.24285714285714288,0.35000000000000003,0.39642857142857146,0.41428571428571426,0.37142857142857144,8538596,7,0,1000,0,0,256,2
swatTemporalGNN_Attention_crossattn_(no mean)_normal_KL13_101825_7_0.0001_4_window_7,swat,4,normal_KL,TemporalGNN_Attention_crossattn,256,2,0.0001,0.27142857142857146,0.3642857142857143,0.3785714285714286,0.43571428571428567,0.38071428571428567,8538596,7,0,1000,0,0,256,2
swatTemporalGNN_Attention_crossattn_(no mean)_normal_KL13_102256_7_0.0001_5_window_7,swat,5,normal_KL,TemporalGNN_Attention_crossattn,256,2,0.0001,0.29285714285714287,0.35000000000000003,0.46785714285714286,0.5428571428571429,0.45071428571428573,8538596,7,0,1000,0,0,256,2
swatTemporalGNN_Attention_crossattn_(no mean)_normal_KL13_102727_7_0.0001_6_window_7,swat,6,normal_KL,TemporalGNN_Attention_crossattn,256,2,0.0001,0.3142857142857143,0.37142857142857144,0.38571428571428573,0.4,0.37642857142857145,8538596,7,0,1000,0,0,256,2
swatTemporalGNN_Attention_(no mean)_normal_KL13_103211_12_0.0001_1_window_12,swat,1,normal_KL,TemporalGNN_Attention,256,2,0.0001,0.3125,0.4291666666666667,0.475,0.5291666666666667,0.4570833333333333,6414779,12,0,1000,0,0,256,2
swatTemporalGNN_Attention_(no mean)_normal_KL13_103633_12_0.0001_2_window_12,swat,2,normal_KL,TemporalGNN_Attention,256,2,0.0001,0.2333333333333333,0.37916666666666676,0.4208333333333334,0.4875,0.4058333333333334,6414779,12,0,1000,0,0,256,2
swatTemporalGNN_Attention_(no mean)_normal_KL13_104114_12_0.0001_3_window_12,swat,3,normal_KL,TemporalGNN_Attention,256,2,0.0001,0.21666666666666665,0.36666666666666664,0.4333333333333334,0.5208333333333333,0.40708333333333335,6414779,12,0,1000,0,0,256,2
swatTemporalGNN_Attention_(no mean)_normal_KL13_104513_12_0.0001_4_window_12,swat,4,normal_KL,TemporalGNN_Attention,256,2,0.0001,0.075,0.24583333333333335,0.2916666666666667,0.3625,0.27875,6414779,12,0,1000,0,0,256,2
swatTemporalGNN_Attention_(no mean)_normal_KL13_104929_12_0.0001_5_window_12,swat,5,normal_KL,TemporalGNN_Attention,256,2,0.0001,0.25000000000000006,0.29583333333333334,0.325,0.37499999999999994,0.325,6414779,12,0,1000,0,0,256,2
swatTemporalGNN_Attention_(no mean)_normal_KL13_105348_12_0.0001_6_window_12,swat,6,normal_KL,TemporalGNN_Attention,256,2,0.0001,0.275,0.3916666666666667,0.425,0.4625,0.4133333333333334,6414779,12,0,1000,0,0,256,2
swatTemporalGNN_Attention_fourier_(no mean)_normal_KL13_105818_12_0.0001_1_window_12,swat,1,normal_KL,TemporalGNN_Attention_fourier,256,2,0.0001,0.2875,0.3666666666666667,0.4041666666666666,0.4916666666666668,0.41375,6414779,12,0,1000,0,0,256,2
swatTemporalGNN_Attention_fourier_(no mean)_normal_KL13_110254_12_0.0001_2_window_12,swat,2,normal_KL,TemporalGNN_Attention_fourier,256,2,0.0001,0.1875,0.3583333333333333,0.425,0.4708333333333333,0.39708333333333334,6414779,12,0,1000,0,0,256,2
swatTemporalGNN_Attention_fourier_(no mean)_normal_KL13_110722_12_0.0001_3_window_12,swat,3,normal_KL,TemporalGNN_Attention_fourier,256,2,0.0001,0.2041666666666667,0.2791666666666667,0.3791666666666667,0.5833333333333333,0.40166666666666667,6414779,12,0,1000,0,0,256,2
swatTemporalGNN_Attention_fourier_(no mean)_normal_KL13_111140_12_0.0001_4_window_12,swat,4,normal_KL,TemporalGNN_Attention_fourier,256,2,0.0001,0.11666666666666667,0.22916666666666666,0.2791666666666667,0.3416666666666667,0.26875,6414779,12,0,1000,0,0,256,2
swatTemporalGNN_Attention_fourier_(no mean)_normal_KL13_111541_12_0.0001_5_window_12,swat,5,normal_KL,TemporalGNN_Attention_fourier,256,2,0.0001,0.19583333333333336,0.29166666666666663,0.32083333333333336,0.35416666666666663,0.30770833333333336,6414779,12,0,1000,0,0,256,2
swatTemporalGNN_Attention_fourier_(no mean)_normal_KL13_111949_12_0.0001_6_window_12,swat,6,normal_KL,TemporalGNN_Attention_fourier,256,2,0.0001,0.24583333333333335,0.2916666666666667,0.32083333333333336,0.37083333333333335,0.32166666666666666,6414779,12,0,1000,0,0,256,2
swatTemporalGNN_Attention_crossattn_(no mean)_normal_KL13_112421_12_0.0001_1_window_12,swat,1,normal_KL,TemporalGNN_Attention_crossattn,256,2,0.0001,0.32500000000000007,0.36250000000000004,0.41875,0.5020833333333333,0.42375000000000007,8540644,12,0,1000,0,0,256,2
swatTemporalGNN_Attention_crossattn_(no mean)_normal_KL13_113004_12_0.0001_2_window_12,swat,2,normal_KL,TemporalGNN_Attention_crossattn,256,2,0.0001,0.29166666666666663,0.38333333333333336,0.3875,0.4458333333333333,0.39375,8540644,12,0,1000,0,0,256,2
swatTemporalGNN_Attention_crossattn_(no mean)_normal_KL13_113515_12_0.0001_3_window_12,swat,3,normal_KL,TemporalGNN_Attention_crossattn,256,2,0.0001,0.25000000000000006,0.3416666666666667,0.3770833333333334,0.4229166666666666,0.3670833333333333,8540644,12,0,1000,0,0,256,2
swatTemporalGNN_Attention_crossattn_(no mean)_normal_KL13_114001_12_0.0001_4_window_12,swat,4,normal_KL,TemporalGNN_Attention_crossattn,256,2,0.0001,0.31250000000000006,0.3916666666666667,0.4166666666666667,0.4708333333333334,0.40791666666666676,8540644,12,0,1000,0,0,256,2
swatTemporalGNN_Attention_crossattn_(no mean)_normal_KL13_114452_12_0.0001_5_window_12,swat,5,normal_KL,TemporalGNN_Attention_crossattn,256,2,0.0001,0.2875,0.35833333333333334,0.39583333333333337,0.44791666666666663,0.3904166666666667,8540644,12,0,1000,0,0,256,2
swatTemporalGNN_Attention_crossattn_(no mean)_normal_KL13_114951_12_0.0001_6_window_12,swat,6,normal_KL,TemporalGNN_Attention_crossattn,256,2,0.0001,0.2875,0.3416666666666666,0.39583333333333337,0.4208333333333333,0.37875,8540644,12,0,1000,0,0,256,2
swatTemporalGNN_Attention_(no mean)_normal_KL13_115532_15_0.0001_1_window_15,swat,1,normal_KL,TemporalGNN_Attention,256,2,0.0001,0.2866666666666667,0.35666666666666663,0.42666666666666664,0.5566666666666668,0.4256666666666667,6415547,15,0,1000,0,0,256,2
swatTemporalGNN_Attention_(no mean)_normal_KL13_120002_15_0.0001_2_window_15,swat,2,normal_KL,TemporalGNN_Attention,256,2,0.0001,0.31,0.44000000000000006,0.4833333333333333,0.5366666666666666,0.46799999999999997,6415547,15,0,1000,0,0,256,2
swatTemporalGNN_Attention_(no mean)_normal_KL13_120440_15_0.0001_3_window_15,swat,3,normal_KL,TemporalGNN_Attention,256,2,0.0001,0.22333333333333333,0.32833333333333337,0.40499999999999997,0.5483333333333333,0.4068333333333333,6415547,15,0,1000,0,0,256,2
swatTemporalGNN_Attention_(no mean)_normal_KL13_120852_15_0.0001_4_window_15,swat,4,normal_KL,TemporalGNN_Attention,256,2,0.0001,0.10666666666666666,0.21333333333333332,0.2633333333333333,0.41166666666666674,0.2818333333333333,6415547,15,0,1000,0,0,256,2
swatTemporalGNN_Attention_(no mean)_normal_KL13_121339_15_0.0001_5_window_15,swat,5,normal_KL,TemporalGNN_Attention,256,2,0.0001,0.10666666666666666,0.17833333333333332,0.2866666666666667,0.5483333333333332,0.2946666666666667,6415547,15,0,1000,0,0,256,2
swatTemporalGNN_Attention_(no mean)_normal_KL13_121834_15_0.0001_6_window_15,swat,6,normal_KL,TemporalGNN_Attention,256,2,0.0001,0.24666666666666667,0.3066666666666667,0.36,0.42333333333333334,0.35233333333333333,6415547,15,0,1000,0,0,256,2
swatTemporalGNN_Attention_fourier_(no mean)_normal_KL13_122316_15_0.0001_1_window_15,swat,1,normal_KL,TemporalGNN_Attention_fourier,256,2,0.0001,0.32333333333333336,0.36,0.37,0.44666666666666666,0.38300000000000006,6415547,15,0,1000,0,0,256,2
swatTemporalGNN_Attention_fourier_(no mean)_normal_KL13_122743_15_0.0001_2_window_15,swat,2,normal_KL,TemporalGNN_Attention_fourier,256,2,0.0001,0.25000000000000006,0.3366666666666667,0.3933333333333333,0.48,0.39099999999999996,6415547,15,0,1000,0,0,256,2
swatTemporalGNN_Attention_fourier_(no mean)_normal_KL13_123226_15_0.0001_3_window_15,swat,3,normal_KL,TemporalGNN_Attention_fourier,256,2,0.0001,0.12666666666666665,0.2816666666666666,0.33166666666666667,0.4683333333333334,0.3288333333333333,6415547,15,0,1000,0,0,256,2
swatTemporalGNN_Attention_fourier_(no mean)_normal_KL13_123705_15_0.0001_4_window_15,swat,4,normal_KL,TemporalGNN_Attention_fourier,256,2,0.0001,0.15666666666666668,0.22999999999999998,0.2633333333333333,0.29,0.2476666666666667,6415547,15,0,1000,0,0,256,2
swatTemporalGNN_Attention_fourier_(no mean)_normal_KL13_124145_15_0.0001_5_window_15,swat,5,normal_KL,TemporalGNN_Attention_fourier,256,2,0.0001,0.18,0.23833333333333334,0.3716666666666667,0.5149999999999999,0.36016666666666663,6415547,15,0,1000,0,0,256,2
swatTemporalGNN_Attention_fourier_(no mean)_normal_KL13_124621_15_0.0001_6_window_15,swat,6,normal_KL,TemporalGNN_Attention_fourier,256,2,0.0001,0.2566666666666667,0.3433333333333333,0.38,0.44000000000000006,0.37566666666666665,6415547,15,0,1000,0,0,256,2
swatTemporalGNN_Attention_crossattn_(no mean)_normal_KL13_125105_15_0.0001_1_window_15,swat,1,normal_KL,TemporalGNN_Attention_crossattn,256,2,0.0001,0.37666666666666665,0.42333333333333323,0.4583333333333333,0.48999999999999994,0.45,8541668,15,0,1000,0,0,256,2
swatTemporalGNN_Attention_crossattn_(no mean)_normal_KL13_125632_15_0.0001_2_window_15,swat,2,normal_KL,TemporalGNN_Attention_crossattn,256,2,0.0001,0.3066666666666667,0.42000000000000004,0.44666666666666666,0.5066666666666667,0.4416666666666667,8541668,15,0,1000,0,0,256,2
swatTemporalGNN_Attention_crossattn_(no mean)_normal_KL13_130212_15_0.0001_3_window_15,swat,3,normal_KL,TemporalGNN_Attention_crossattn,256,2,0.0001,0.32333333333333336,0.4149999999999999,0.44499999999999995,0.5216666666666667,0.4455,8541668,15,0,1000,0,0,256,2
swatTemporalGNN_Attention_crossattn_(no mean)_normal_KL13_130759_15_0.0001_4_window_15,swat,4,normal_KL,TemporalGNN_Attention_crossattn,256,2,0.0001,0.19000000000000003,0.27666666666666667,0.3333333333333333,0.43000000000000005,0.33000000000000007,8541668,15,0,1000,0,0,256,2
swatTemporalGNN_Attention_crossattn_(no mean)_normal_KL13_131312_15_0.0001_5_window_15,swat,5,normal_KL,TemporalGNN_Attention_crossattn,256,2,0.0001,0.21333333333333332,0.30666666666666664,0.37,0.4683333333333334,0.36150000000000004,8541668,15,0,1000,0,0,256,2
swatTemporalGNN_Attention_crossattn_(no mean)_normal_KL13_131830_15_0.0001_6_window_15,swat,6,normal_KL,TemporalGNN_Attention_crossattn,256,2,0.0001,0.30333333333333334,0.36666666666666664,0.39333333333333337,0.4133333333333334,0.3796666666666667,8541668,15,0,1000,0,0,256,2
